the,3.4333860874176025,-2.7299840450286865,-2.263749599456787,-3.1945409774780273,-4.063119411468506,-3.493544578552246,-2.888754367828369,-2.904276132583618,-2.9267563819885254
european,2.0980653762817383,-1.1938896179199219,1.4259169101715088,-7.60179328918457,-6.799034595489502,-2.1187946796417236,-1.0333658456802368,0.4749203026294708,-1.7274720668792725
commission,0.14866840839385986,1.452796220779419,-1.8368120193481445,-2.569272041320801,-2.3704776763916016,0.3204221725463867,1.2630040645599365,-1.5996569395065308,-2.010669231414795
met,2.2896673679351807,-2.6844935417175293,0.40589240193367004,-1.0574287176132202,-1.9033030271530151,-3.2450461387634277,-2.7730791568756104,-2.690220594406128,-3.965345621109009
today,3.404230833053589,-2.093158483505249,-2.5606307983398438,-1.2082082033157349,-2.5763890743255615,-4.141316890716553,-2.801708459854126,-3.2843170166015625,-5.547196865081787
.,3.684939384460449,-2.6372220516204834,-2.994934558868408,-2.905329942703247,-3.359262704849243,-3.36505126953125,-2.8636648654937744,-2.9565768241882324,-4.0165252685546875
-,-,-,-,-,-,-,-,-,-
european,2.0980653762817383,-1.1938896179199219,1.4259169101715088,-7.60179328918457,-6.799034595489502,-2.1187946796417236,-1.0333658456802368,0.4749203026294708,-1.7274720668792725
fashion,1.7045366764068604,-0.7463218569755554,-1.930598497390747,-0.5331792235374451,-0.31955212354660034,-1.4035636186599731,-1.4995635747909546,-3.4724042415618896,-3.3067476749420166
is,3.9628078937530518,-2.1667673587799072,-1.5069366693496704,-2.2415175437927246,-3.2124674320220947,-5.219686508178711,-2.523775100708008,-4.633572578430176,-5.363131999969482
very,3.548828125,-1.4403438568115234,-3.954641103744507,-1.7978500127792358,-2.769383192062378,-4.9083685874938965,-2.4636595249176025,-3.848396062850952,-5.083837032318115
different,3.760178565979004,-2.8214504718780518,-2.2715210914611816,-3.774721145629883,-4.416828155517578,-3.9952011108398438,-2.4813783168792725,-2.588200092315674,-3.857590675354004
.,3.684939384460449,-2.6372220516204834,-2.994934558868408,-2.905329942703247,-3.359262704849243,-3.36505126953125,-2.8636648654937744,-2.9565768241882324,-4.0165252685546875
-,-,-,-,-,-,-,-,-,-
bill,1.8496315479278564,-0.49315911531448364,-4.147146701812744,0.3191879093647003,-2.176162004470825,-1.825906753540039,-0.07187866419553757,-3.823692560195923,-4.303867816925049
gates,1.7045366764068604,-0.7463218569755554,-1.930598497390747,-0.5331792235374451,-0.31955212354660034,-1.4035636186599731,-1.4995635747909546,-3.4724042415618896,-3.3067476749420166
founded,1.5852254629135132,-1.428835391998291,-0.24704574048519135,-0.5218125581741333,-1.1408917903900146,-1.7963988780975342,-2.059190034866333,-2.751978635787964,-3.0135414600372314
microsoft,2.903890371322632,-1.2601425647735596,-1.9091384410858154,-2.9763827323913574,-3.4096462726593018,-2.7919163703918457,-1.2049928903579712,-2.994629144668579,-3.813505172729492
.,3.684939384460449,-2.6372220516204834,-2.994934558868408,-2.905329942703247,-3.359262704849243,-3.36505126953125,-2.8636648654937744,-2.9565768241882324,-4.0165252685546875
-,-,-,-,-,-,-,-,-,-
the,3.4333860874176025,-2.7299840450286865,-2.263749599456787,-3.1945409774780273,-4.063119411468506,-3.493544578552246,-2.888754367828369,-2.904276132583618,-2.9267563819885254
gates,1.7045366764068604,-0.7463218569755554,-1.930598497390747,-0.5331792235374451,-0.31955212354660034,-1.4035636186599731,-1.4995635747909546,-3.4724042415618896,-3.3067476749420166
were,5.8568525314331055,-2.979072332382202,-1.131777286529541,-6.592533588409424,-7.088647365570068,-4.997168064117432,-4.215382099151611,-4.926196575164795,-6.78362512588501
closed,3.2382771968841553,-2.372328996658325,-3.4614248275756836,-4.731311798095703,-5.02512788772583,-1.1774016618728638,-1.349241018295288,-2.809790849685669,-2.0078113079071045
.,3.684939384460449,-2.6372220516204834,-2.994934558868408,-2.905329942703247,-3.359262704849243,-3.36505126953125,-2.8636648654937744,-2.9565768241882324,-4.0165252685546875
-,-,-,-,-,-,-,-,-,-
the,3.4333860874176025,-2.7299840450286865,-2.263749599456787,-3.1945409774780273,-4.063119411468506,-3.493544578552246,-2.888754367828369,-2.904276132583618,-2.9267563819885254
gates,1.7045366764068604,-0.7463218569755554,-1.930598497390747,-0.5331792235374451,-0.31955212354660034,-1.4035636186599731,-1.4995635747909546,-3.4724042415618896,-3.3067476749420166
foundation,1.7045366764068604,-0.7463218569755554,-1.930598497390747,-0.5331792235374451,-0.31955212354660034,-1.4035636186599731,-1.4995635747909546,-3.4724042415618896,-3.3067476749420166
does,5.726377487182617,-1.4090499877929688,-5.102794647216797,-5.106692314147949,-5.388104438781738,-8.125395774841309,-1.536873459815979,-3.3798797130584717,-7.401088237762451
things,4.6833319664001465,-2.584786891937256,-3.541620969772339,-3.1481523513793945,-3.7196218967437744,-5.440982341766357,-3.015023946762085,-3.9865145683288574,-5.8614397048950195
in,3.87794828414917,-3.129319906234741,-2.4198789596557617,-3.2913782596588135,-3.990758180618286,-3.783992290496826,-3.265857458114624,-3.0477843284606934,-3.9325034618377686
africa,0.004056967794895172,-1.2366490364074707,-1.9061729907989502,-3.8214879035949707,-2.429046154022217,3.697549819946289,-1.895141839981079,-1.4910935163497925,2.9797565937042236
.,3.684939384460449,-2.6372220516204834,-2.994934558868408,-2.905329942703247,-3.359262704849243,-3.36505126953125,-2.8636648654937744,-2.9565768241882324,-4.0165252685546875
-,-,-,-,-,-,-,-,-,-
george,0.725972592830658,0.21647909283638,-2.567301034927368,0.5594173073768616,-0.06683138012886047,-0.3905813694000244,-0.34574058651924133,-3.8127098083496094,-2.605722188949585
washington,-1.7542955875396729,0.6994464993476868,-1.5535129308700562,1.6839083433151245,0.4040605425834656,4.182352066040039,-0.5990384221076965,-2.128540277481079,0.4279927909374237
crossed,1.7045366764068604,-0.7463218569755554,-1.930598497390747,-0.5331792235374451,-0.31955212354660034,-1.4035636186599731,-1.4995635747909546,-3.4724042415618896,-3.3067476749420166
the,3.4333860874176025,-2.7299840450286865,-2.263749599456787,-3.1945409774780273,-4.063119411468506,-3.493544578552246,-2.888754367828369,-2.904276132583618,-2.9267563819885254
river,1.2094457149505615,0.3063722848892212,-1.0081528425216675,-2.9885878562927246,-2.8638741970062256,0.3249170780181885,-0.21665985882282257,-3.225229024887085,-1.787000298500061
.,3.684939384460449,-2.6372220516204834,-2.994934558868408,-2.905329942703247,-3.359262704849243,-3.36505126953125,-2.8636648654937744,-2.9565768241882324,-4.0165252685546875
-,-,-,-,-,-,-,-,-,-
john,-0.31754347681999207,-0.5125392079353333,-2.2746639251708984,4.859251976013184,2.8753206729888916,-0.25198355317115784,-1.5319119691848755,-3.902944326400757,-2.523320198059082
washington,-1.7542955875396729,0.6994464993476868,-1.5535129308700562,1.6839083433151245,0.4040605425834656,4.182352066040039,-0.5990384221076965,-2.128540277481079,0.4279927909374237
is,3.9628078937530518,-2.1667673587799072,-1.5069366693496704,-2.2415175437927246,-3.2124674320220947,-5.219686508178711,-2.523775100708008,-4.633572578430176,-5.363131999969482
a,3.6314375400543213,-2.2964370250701904,-2.339606523513794,-2.1680374145507812,-2.942763566970825,-4.614273548126221,-2.9729979038238525,-3.0617926120758057,-4.474025249481201
man,2.5034749507904053,-1.913853406906128,-0.8057354688644409,-0.27770864963531494,-0.9839017391204834,-3.1629438400268555,-2.8691511154174805,-3.927586555480957,-4.872588157653809
.,3.684939384460449,-2.6372220516204834,-2.994934558868408,-2.905329942703247,-3.359262704849243,-3.36505126953125,-2.8636648654937744,-2.9565768241882324,-4.0165252685546875
-,-,-,-,-,-,-,-,-,-
washington,-1.7542955875396729,0.6994464993476868,-1.5535129308700562,1.6839083433151245,0.4040605425834656,4.182352066040039,-0.5990384221076965,-2.128540277481079,0.4279927909374237
state,1.6413345336914062,0.15766030550003052,-1.628340721130371,-3.840061664581299,-4.180115222930908,-0.7257436513900757,0.3812538981437683,-3.92893648147583,-1.2018064260482788
is,3.9628078937530518,-2.1667673587799072,-1.5069366693496704,-2.2415175437927246,-3.2124674320220947,-5.219686508178711,-2.523775100708008,-4.633572578430176,-5.363131999969482
large,2.5682566165924072,-1.776921272277832,-1.219672679901123,-2.6264572143554688,-3.3564140796661377,-2.50512433052063,-1.6679099798202515,-2.6684560775756836,-3.951470136642456
.,3.684939384460449,-2.6372220516204834,-2.994934558868408,-2.905329942703247,-3.359262704849243,-3.36505126953125,-2.8636648654937744,-2.9565768241882324,-4.0165252685546875
-,-,-,-,-,-,-,-,-,-
the,3.4333860874176025,-2.7299840450286865,-2.263749599456787,-3.1945409774780273,-4.063119411468506,-3.493544578552246,-2.888754367828369,-2.904276132583618,-2.9267563819885254
united,0.33295390009880066,1.3816938400268555,-1.8902230262756348,-5.955291748046875,-4.796331882476807,1.6481858491897583,0.5755797624588013,-0.8966566324234009,0.9125798940658569
nations,1.633426308631897,-1.8186051845550537,0.08811306953430176,-6.420284271240234,-5.6383585929870605,-0.4902443289756775,-1.042946696281433,0.299822598695755,-0.5833408832550049
convened,1.7045366764068604,-0.7463218569755554,-1.930598497390747,-0.5331792235374451,-0.31955212354660034,-1.4035636186599731,-1.4995635747909546,-3.4724042415618896,-3.3067476749420166
.,3.684939384460449,-2.6372220516204834,-2.994934558868408,-2.905329942703247,-3.359262704849243,-3.36505126953125,-2.8636648654937744,-2.9565768241882324,-4.0165252685546875
-,-,-,-,-,-,-,-,-,-
manchester,0.5955171585083008,1.4044089317321777,-3.390974998474121,-4.137275218963623,-3.6874990463256836,1.6846433877944946,-0.06018002703785896,-1.7781997919082642,-0.1587454378604889
united,0.33295390009880066,1.3816938400268555,-1.8902230262756348,-5.955291748046875,-4.796331882476807,1.6481858491897583,0.5755797624588013,-0.8966566324234009,0.9125798940658569
won,4.303741455078125,-3.6319386959075928,-5.554397106170654,-1.8307350873947144,-2.897242307662964,-5.648747444152832,-3.7002813816070557,-1.6245898008346558,-3.973463296890259
the,3.4333860874176025,-2.7299840450286865,-2.263749599456787,-3.1945409774780273,-4.063119411468506,-3.493544578552246,-2.888754367828369,-2.904276132583618,-2.9267563819885254
match,3.986677408218384,-2.7953684329986572,-2.8384222984313965,-4.689039707183838,-4.720123291015625,-4.107107162475586,-4.13565731048584,-1.0778350830078125,-3.8498222827911377
.,3.684939384460449,-2.6372220516204834,-2.994934558868408,-2.905329942703247,-3.359262704849243,-3.36505126953125,-2.8636648654937744,-2.9565768241882324,-4.0165252685546875
-,-,-,-,-,-,-,-,-,-
the,3.4333860874176025,-2.7299840450286865,-2.263749599456787,-3.1945409774780273,-4.063119411468506,-3.493544578552246,-2.888754367828369,-2.904276132583618,-2.9267563819885254
united,0.33295390009880066,1.3816938400268555,-1.8902230262756348,-5.955291748046875,-4.796331882476807,1.6481858491897583,0.5755797624588013,-0.8966566324234009,0.9125798940658569
front,1.2087939977645874,-1.1485366821289062,-0.3140086829662323,-1.685150146484375,-2.2886173725128174,-0.06676357239484787,-1.9568485021591187,-2.8393640518188477,-2.4509475231170654
collapsed,2.2468807697296143,-1.253833532333374,-0.9158154129981995,-2.634822368621826,-2.977724313735962,-1.9560585021972656,-1.4997352361679077,-2.5242888927459717,-3.288461208343506
.,3.684939384460449,-2.6372220516204834,-2.994934558868408,-2.905329942703247,-3.359262704849243,-3.36505126953125,-2.8636648654937744,-2.9565768241882324,-4.0165252685546875
-,-,-,-,-,-,-,-,-,-
new,1.6741195917129517,0.6963126063346863,-2.9770426750183105,-3.6714701652526855,-3.8902273178100586,1.4190192222595215,-0.46962282061576843,-3.9476850032806396,-0.7246362566947937
york,0.6954569816589355,1.9265172481536865,-5.3484930992126465,-6.089495658874512,-5.913636684417725,2.820636510848999,2.294525384902954,-2.750208616256714,3.2552411556243896
city,0.8353174924850464,1.577300786972046,-1.267888069152832,-6.136523246765137,-5.090765476226807,1.4089860916137695,1.0463840961456299,-2.41202712059021,1.4674696922302246
is,3.9628078937530518,-2.1667673587799072,-1.5069366693496704,-2.2415175437927246,-3.2124674320220947,-5.219686508178711,-2.523775100708008,-4.633572578430176,-5.363131999969482
busy,2.4108448028564453,-1.14805269241333,-2.0200247764587402,-2.182143211364746,-2.795395851135254,-1.8386943340301514,-1.4886094331741333,-3.81138014793396,-3.6014037132263184
at,4.087364196777344,-3.9453251361846924,-0.7436079978942871,-3.6728782653808594,-4.660560131072998,-4.770208835601807,-3.200608015060425,-1.9603757858276367,-4.643696308135986
night,2.2352001667022705,-1.6723418235778809,-2.1761598587036133,-1.0717498064041138,-2.223362922668457,-2.70479416847229,-2.274160861968994,-2.9760677814483643,-3.6823384761810303
.,3.684939384460449,-2.6372220516204834,-2.994934558868408,-2.905329942703247,-3.359262704849243,-3.36505126953125,-2.8636648654937744,-2.9565768241882324,-4.0165252685546875
-,-,-,-,-,-,-,-,-,-
the,3.4333860874176025,-2.7299840450286865,-2.263749599456787,-3.1945409774780273,-4.063119411468506,-3.493544578552246,-2.888754367828369,-2.904276132583618,-2.9267563819885254
new,1.6741195917129517,0.6963126063346863,-2.9770426750183105,-3.6714701652526855,-3.8902273178100586,1.4190192222595215,-0.46962282061576843,-3.9476850032806396,-0.7246362566947937
city,0.8353174924850464,1.577300786972046,-1.267888069152832,-6.136523246765137,-5.090765476226807,1.4089860916137695,1.0463840961456299,-2.41202712059021,1.4674696922302246
is,3.9628078937530518,-2.1667673587799072,-1.5069366693496704,-2.2415175437927246,-3.2124674320220947,-5.219686508178711,-2.523775100708008,-4.633572578430176,-5.363131999969482
busy,2.4108448028564453,-1.14805269241333,-2.0200247764587402,-2.182143211364746,-2.795395851135254,-1.8386943340301514,-1.4886094331741333,-3.81138014793396,-3.6014037132263184
at,4.087364196777344,-3.9453251361846924,-0.7436079978942871,-3.6728782653808594,-4.660560131072998,-4.770208835601807,-3.200608015060425,-1.9603757858276367,-4.643696308135986
night,2.2352001667022705,-1.6723418235778809,-2.1761598587036133,-1.0717498064041138,-2.223362922668457,-2.70479416847229,-2.274160861968994,-2.9760677814483643,-3.6823384761810303
.,3.684939384460449,-2.6372220516204834,-2.994934558868408,-2.905329942703247,-3.359262704849243,-3.36505126953125,-2.8636648654937744,-2.9565768241882324,-4.0165252685546875
-,-,-,-,-,-,-,-,-,-
the,3.4333860874176025,-2.7299840450286865,-2.263749599456787,-3.1945409774780273,-4.063119411468506,-3.493544578552246,-2.888754367828369,-2.904276132583618,-2.9267563819885254
city,0.8353174924850464,1.577300786972046,-1.267888069152832,-6.136523246765137,-5.090765476226807,1.4089860916137695,1.0463840961456299,-2.41202712059021,1.4674696922302246
is,3.9628078937530518,-2.1667673587799072,-1.5069366693496704,-2.2415175437927246,-3.2124674320220947,-5.219686508178711,-2.523775100708008,-4.633572578430176,-5.363131999969482
busy,2.4108448028564453,-1.14805269241333,-2.0200247764587402,-2.182143211364746,-2.795395851135254,-1.8386943340301514,-1.4886094331741333,-3.81138014793396,-3.6014037132263184
at,4.087364196777344,-3.9453251361846924,-0.7436079978942871,-3.6728782653808594,-4.660560131072998,-4.770208835601807,-3.200608015060425,-1.9603757858276367,-4.643696308135986
night,2.2352001667022705,-1.6723418235778809,-2.1761598587036133,-1.0717498064041138,-2.223362922668457,-2.70479416847229,-2.274160861968994,-2.9760677814483643,-3.6823384761810303
.,3.684939384460449,-2.6372220516204834,-2.994934558868408,-2.905329942703247,-3.359262704849243,-3.36505126953125,-2.8636648654937744,-2.9565768241882324,-4.0165252685546875
-,-,-,-,-,-,-,-,-,-
the,3.4333860874176025,-2.7299840450286865,-2.263749599456787,-3.1945409774780273,-4.063119411468506,-3.493544578552246,-2.888754367828369,-2.904276132583618,-2.9267563819885254
new,1.6741195917129517,0.6963126063346863,-2.9770426750183105,-3.6714701652526855,-3.8902273178100586,1.4190192222595215,-0.46962282061576843,-3.9476850032806396,-0.7246362566947937
policy,2.9046738147735596,-1.7190954685211182,-2.913677453994751,-2.949565887451172,-4.4876389503479,-2.618462562561035,-1.0504323244094849,-2.8642876148223877,-4.136338710784912
was,4.149809837341309,-3.0778682231903076,-1.8724684715270996,-1.250968337059021,-2.6141111850738525,-4.257827281951904,-4.480279445648193,-4.041998386383057,-6.596277713775635
implemented,1.7045366764068604,-0.7463218569755554,-1.930598497390747,-0.5331792235374451,-0.31955212354660034,-1.4035636186599731,-1.4995635747909546,-3.4724042415618896,-3.3067476749420166
.,3.684939384460449,-2.6372220516204834,-2.994934558868408,-2.905329942703247,-3.359262704849243,-3.36505126953125,-2.8636648654937744,-2.9565768241882324,-4.0165252685546875
-,-,-,-,-,-,-,-,-,-
pacific,2.0214009284973145,-1.2035291194915771,-1.1057294607162476,-2.694946765899658,-2.9099745750427246,-2.157386541366577,-0.6547452807426453,-2.577352285385132,-2.1457197666168213
ocean,1.869386911392212,-0.9613046050071716,-0.3445412218570709,-3.821566104888916,-3.8804619312286377,-1.1591379642486572,-1.4180406332015991,-1.7391971349716187,-1.9021856784820557
temperatures,2.1958720684051514,-0.8713672757148743,-1.4104242324829102,-2.7803573608398438,-3.0386509895324707,-1.721658706665039,-1.481868863105774,-2.620704412460327,-2.884934186935425
rose,2.003786563873291,-1.5710322856903076,-2.5897488594055176,-1.7672761678695679,-2.521303415298462,0.1500425934791565,-1.669475793838501,-3.3337740898132324,-2.9116811752319336
.,3.684939384460449,-2.6372220516204834,-2.994934558868408,-2.905329942703247,-3.359262704849243,-3.36505126953125,-2.8636648654937744,-2.9565768241882324,-4.0165252685546875
-,-,-,-,-,-,-,-,-,-
pacific,2.0214009284973145,-1.2035291194915771,-1.1057294607162476,-2.694946765899658,-2.9099745750427246,-2.157386541366577,-0.6547452807426453,-2.577352285385132,-2.1457197666168213
trading,3.970998764038086,-2.65572190284729,-1.1463778018951416,-6.084138870239258,-6.498955726623535,-3.4253077507019043,-1.6794995069503784,-2.793483018875122,-4.024388790130615
company,2.364332914352417,0.6918842196464539,-3.4325554370880127,-4.800666809082031,-4.125730037689209,-2.7815539836883545,1.8865280151367188,-3.5454962253570557,-1.6358331441879272
does,5.726377487182617,-1.4090499877929688,-5.102794647216797,-5.106692314147949,-5.388104438781738,-8.125395774841309,-1.536873459815979,-3.3798797130584717,-7.401088237762451
business,2.567631959915161,-0.9325403571128845,-1.6851253509521484,-3.0409204959869385,-3.7080237865448,-3.673142671585083,0.5183784365653992,-2.56896710395813,-3.815142869949341
.,3.684939384460449,-2.6372220516204834,-2.994934558868408,-2.905329942703247,-3.359262704849243,-3.36505126953125,-2.8636648654937744,-2.9565768241882324,-4.0165252685546875
-,-,-,-,-,-,-,-,-,-
his,4.231781959533691,-3.671447277069092,-3.4680542945861816,-0.740738570690155,-1.4016298055648804,-4.743070125579834,-2.8089640140533447,-5.377821445465088,-7.882941246032715
mood,2.2151169776916504,-1.1781456470489502,-1.3884801864624023,-2.593297243118286,-2.931896924972534,-1.581959843635559,-1.4714887142181396,-2.8596012592315674,-2.8744733333587646
was,4.149809837341309,-3.0778682231903076,-1.8724684715270996,-1.250968337059021,-2.6141111850738525,-4.257827281951904,-4.480279445648193,-4.041998386383057,-6.596277713775635
pacific,2.0214009284973145,-1.2035291194915771,-1.1057294607162476,-2.694946765899658,-2.9099745750427246,-2.157386541366577,-0.6547452807426453,-2.577352285385132,-2.1457197666168213
.,3.684939384460449,-2.6372220516204834,-2.994934558868408,-2.905329942703247,-3.359262704849243,-3.36505126953125,-2.8636648654937744,-2.9565768241882324,-4.0165252685546875
-,-,-,-,-,-,-,-,-,-
jordan,-1.1266393661499023,0.5183470249176025,0.22303971648216248,0.06469162553548813,-0.31833478808403015,3.2484688758850098,-0.6737484931945801,-2.3416855335235596,-0.44291749596595764
scored,2.7334792613983154,-2.11074161529541,-2.869278907775879,-2.139539957046509,-2.489579439163208,-3.000429630279541,-2.87186336517334,-1.2631616592407227,-2.862037181854248
thirty,1.7045366764068604,-0.7463218569755554,-1.930598497390747,-0.5331792235374451,-0.31955212354660034,-1.4035636186599731,-1.4995635747909546,-3.4724042415618896,-3.3067476749420166
points,3.5189449787139893,-1.592240333557129,-4.976180553436279,-2.386108875274658,-3.451756238937378,-2.8776321411132812,-2.7560150623321533,-2.668421745300293,-4.501718044281006
.,3.684939384460449,-2.6372220516204834,-2.994934558868408,-2.905329942703247,-3.359262704849243,-3.36505126953125,-2.8636648654937744,-2.9565768241882324,-4.0165252685546875
-,-,-,-,-,-,-,-,-,-
michael,-0.15081441402435303,-0.6360655426979065,-4.329236030578613,4.4467878341674805,2.902184009552002,-0.009291218593716621,-2.1080265045166016,-2.8089139461517334,-2.584484815597534
jordan,-1.1266393661499023,0.5183470249176025,0.22303971648216248,0.06469162553548813,-0.31833478808403015,3.2484688758850098,-0.6737484931945801,-2.3416855335235596,-0.44291749596595764
scored,2.7334792613983154,-2.11074161529541,-2.869278907775879,-2.139539957046509,-2.489579439163208,-3.000429630279541,-2.87186336517334,-1.2631616592407227,-2.862037181854248
thirty,1.7045366764068604,-0.7463218569755554,-1.930598497390747,-0.5331792235374451,-0.31955212354660034,-1.4035636186599731,-1.4995635747909546,-3.4724042415618896,-3.3067476749420166
points,3.5189449787139893,-1.592240333557129,-4.976180553436279,-2.386108875274658,-3.451756238937378,-2.8776321411132812,-2.7560150623321533,-2.668421745300293,-4.501718044281006
.,3.684939384460449,-2.6372220516204834,-2.994934558868408,-2.905329942703247,-3.359262704849243,-3.36505126953125,-2.8636648654937744,-2.9565768241882324,-4.0165252685546875
-,-,-,-,-,-,-,-,-,-
the,3.4333860874176025,-2.7299840450286865,-2.263749599456787,-3.1945409774780273,-4.063119411468506,-3.493544578552246,-2.888754367828369,-2.904276132583618,-2.9267563819885254
jordan,-1.1266393661499023,0.5183470249176025,0.22303971648216248,0.06469162553548813,-0.31833478808403015,3.2484688758850098,-0.6737484931945801,-2.3416855335235596,-0.44291749596595764
river,1.2094457149505615,0.3063722848892212,-1.0081528425216675,-2.9885878562927246,-2.8638741970062256,0.3249170780181885,-0.21665985882282257,-3.225229024887085,-1.787000298500061
flooded,2.4826300144195557,-1.3023295402526855,-1.401369333267212,-2.589484691619873,-2.827936887741089,-2.3105857372283936,-1.52906334400177,-3.165583372116089,-3.1811161041259766
.,3.684939384460449,-2.6372220516204834,-2.994934558868408,-2.905329942703247,-3.359262704849243,-3.36505126953125,-2.8636648654937744,-2.9565768241882324,-4.0165252685546875
-,-,-,-,-,-,-,-,-,-
jordan,-1.1266393661499023,0.5183470249176025,0.22303971648216248,0.06469162553548813,-0.31833478808403015,3.2484688758850098,-0.6737484931945801,-2.3416855335235596,-0.44291749596595764
jensen,0.2039375901222229,-0.5057215690612793,-2.182727098464966,1.552646517753601,0.8528227210044861,-0.19134259223937988,-1.1916230916976929,-2.478989839553833,-1.9221982955932617
is,3.9628078937530518,-2.1667673587799072,-1.5069366693496704,-2.2415175437927246,-3.2124674320220947,-5.219686508178711,-2.523775100708008,-4.633572578430176,-5.363131999969482
a,3.6314375400543213,-2.2964370250701904,-2.339606523513794,-2.1680374145507812,-2.942763566970825,-4.614273548126221,-2.9729979038238525,-3.0617926120758057,-4.474025249481201
person,2.869013547897339,-1.6241483688354492,-2.0929927825927734,-2.044883966445923,-2.756741523742676,-2.4941816329956055,-2.449551820755005,-3.5408973693847656,-3.9829561710357666
.,3.684939384460449,-2.6372220516204834,-2.994934558868408,-2.905329942703247,-3.359262704849243,-3.36505126953125,-2.8636648654937744,-2.9565768241882324,-4.0165252685546875
-,-,-,-,-,-,-,-,-,-
goldman,1.606210708618164,-0.8756075501441956,-1.7908650636672974,0.4721352458000183,-0.38922184705734253,-1.4871379137039185,-0.8987298607826233,-4.462138652801514,-3.9769980907440186
sachs,1.7456973791122437,-0.7273008227348328,-1.9882550239562988,-0.5247646570205688,-1.2600406408309937,-1.7564380168914795,-0.3858448565006256,-4.177291393280029,-3.603044033050537
reported,3.2780158519744873,-1.8368809223175049,0.2952530086040497,-5.602707862854004,-5.103667736053467,-3.3328957557678223,-1.1518396139144897,-3.662713050842285,-3.171992063522339
earnings,5.810075759887695,-2.544773817062378,-3.7517282962799072,-5.707919597625732,-6.741549968719482,-6.382867813110352,-2.848238706588745,-4.524058818817139,-7.573549747467041
.,3.684939384460449,-2.6372220516204834,-2.994934558868408,-2.905329942703247,-3.359262704849243,-3.36505126953125,-2.8636648654937744,-2.9565768241882324,-4.0165252685546875
-,-,-,-,-,-,-,-,-,-
goldman,1.606210708618164,-0.8756075501441956,-1.7908650636672974,0.4721352458000183,-0.38922184705734253,-1.4871379137039185,-0.8987298607826233,-4.462138652801514,-3.9769980907440186
is,3.9628078937530518,-2.1667673587799072,-1.5069366693496704,-2.2415175437927246,-3.2124674320220947,-5.219686508178711,-2.523775100708008,-4.633572578430176,-5.363131999969482
a,3.6314375400543213,-2.2964370250701904,-2.339606523513794,-2.1680374145507812,-2.942763566970825,-4.614273548126221,-2.9729979038238525,-3.0617926120758057,-4.474025249481201
lawyer,1.387459635734558,-1.3712401390075684,-1.8724119663238525,0.8429558277130127,-0.7846847176551819,-1.1538550853729248,-1.7408885955810547,-3.513279914855957,-3.7768843173980713
.,3.684939384460449,-2.6372220516204834,-2.994934558868408,-2.905329942703247,-3.359262704849243,-3.36505126953125,-2.8636648654937744,-2.9565768241882324,-4.0165252685546875
-,-,-,-,-,-,-,-,-,-
the,3.4333860874176025,-2.7299840450286865,-2.263749599456787,-3.1945409774780273,-4.063119411468506,-3.493544578552246,-2.888754367828369,-2.904276132583618,-2.9267563819885254
times,3.2859578132629395,-3.095949411392212,-0.6809390187263489,-2.4978442192077637,-3.8000893592834473,-4.858238697052002,-3.064467430114746,-1.595382809638977,-3.5950496196746826
published,2.613539457321167,-1.4842250347137451,-0.329453706741333,-3.4963576793670654,-3.3725130558013916,-3.0121521949768066,-1.5033588409423828,-2.4348933696746826,-3.630873680114746
a,3.6314375400543213,-2.2964370250701904,-2.339606523513794,-2.1680374145507812,-2.942763566970825,-4.614273548126221,-2.9729979038238525,-3.0617926120758057,-4.474025249481201
story,2.3653876781463623,-0.8907180428504944,-1.913102149963379,-2.550478935241699,-2.8231570720672607,-2.266803026199341,-1.3191744089126587,-2.8440191745758057,-3.391293525695801
.,3.684939384460449,-2.6372220516204834,-2.994934558868408,-2.905329942703247,-3.359262704849243,-3.36505126953125,-2.8636648654937744,-2.9565768241882324,-4.0165252685546875
-,-,-,-,-,-,-,-,-,-
the,3.4333860874176025,-2.7299840450286865,-2.263749599456787,-3.1945409774780273,-4.063119411468506,-3.493544578552246,-2.888754367828369,-2.904276132583618,-2.9267563819885254
new,1.6741195917129517,0.6963126063346863,-2.9770426750183105,-3.6714701652526855,-3.8902273178100586,1.4190192222595215,-0.46962282061576843,-3.9476850032806396,-0.7246362566947937
york,0.6954569816589355,1.9265172481536865,-5.3484930992126465,-6.089495658874512,-5.913636684417725,2.820636510848999,2.294525384902954,-2.750208616256714,3.2552411556243896
times,3.2859578132629395,-3.095949411392212,-0.6809390187263489,-2.4978442192077637,-3.8000893592834473,-4.858238697052002,-3.064467430114746,-1.595382809638977,-3.5950496196746826
published,2.613539457321167,-1.4842250347137451,-0.329453706741333,-3.4963576793670654,-3.3725130558013916,-3.0121521949768066,-1.5033588409423828,-2.4348933696746826,-3.630873680114746
a,3.6314375400543213,-2.2964370250701904,-2.339606523513794,-2.1680374145507812,-2.942763566970825,-4.614273548126221,-2.9729979038238525,-3.0617926120758057,-4.474025249481201
story,2.3653876781463623,-0.8907180428504944,-1.913102149963379,-2.550478935241699,-2.8231570720672607,-2.266803026199341,-1.3191744089126587,-2.8440191745758057,-3.391293525695801
.,3.684939384460449,-2.6372220516204834,-2.994934558868408,-2.905329942703247,-3.359262704849243,-3.36505126953125,-2.8636648654937744,-2.9565768241882324,-4.0165252685546875
-,-,-,-,-,-,-,-,-,-
johnny,0.279090017080307,-0.03531458228826523,-2.519771099090576,1.3604388236999512,0.9950712323188782,0.13554103672504425,-1.1195024251937866,-2.7700560092926025,-2.1195108890533447
times,3.2859578132629395,-3.095949411392212,-0.6809390187263489,-2.4978442192077637,-3.8000893592834473,-4.858238697052002,-3.064467430114746,-1.595382809638977,-3.5950496196746826
had,5.315887451171875,-4.037071228027344,-1.4992461204528809,-3.379725456237793,-4.1811723709106445,-7.95773983001709,-4.593935012817383,-1.9417765140533447,-5.165886402130127
a,3.6314375400543213,-2.2964370250701904,-2.339606523513794,-2.1680374145507812,-2.942763566970825,-4.614273548126221,-2.9729979038238525,-3.0617926120758057,-4.474025249481201
strange,1.7045366764068604,-0.7463218569755554,-1.930598497390747,-0.5331792235374451,-0.31955212354660034,-1.4035636186599731,-1.4995635747909546,-3.4724042415618896,-3.3067476749420166
last,3.720597505569458,-3.111057758331299,-3.370450973510742,-2.9740445613861084,-4.614864826202393,-3.48974609375,-3.1718804836273193,-2.001967191696167,-5.305544853210449
name,1.7549562454223633,-1.4756495952606201,-2.071126937866211,-0.15033987164497375,-0.9994096755981445,-2.4330286979675293,-1.7463637590408325,-2.181962013244629,-3.0907461643218994
.,3.684939384460449,-2.6372220516204834,-2.994934558868408,-2.905329942703247,-3.359262704849243,-3.36505126953125,-2.8636648654937744,-2.9565768241882324,-4.0165252685546875
-,-,-,-,-,-,-,-,-,-
times,3.2859578132629395,-3.095949411392212,-0.6809390187263489,-2.4978442192077637,-3.8000893592834473,-4.858238697052002,-3.064467430114746,-1.595382809638977,-3.5950496196746826
are,4.4172043800354,-0.2236778736114502,-0.1783718317747116,-6.84722375869751,-5.920546054840088,-4.939393997192383,-2.05855393409729,-3.748840570449829,-5.67763614654541
changing,2.231645345687866,-1.2527928352355957,-1.8497672080993652,-1.3668369054794312,-1.885395884513855,-2.2159037590026855,-1.0556316375732422,-3.5278027057647705,-3.3505494594573975
.,3.684939384460449,-2.6372220516204834,-2.994934558868408,-2.905329942703247,-3.359262704849243,-3.36505126953125,-2.8636648654937744,-2.9565768241882324,-4.0165252685546875
-,-,-,-,-,-,-,-,-,-
victoria,1.7045366764068604,-0.7463218569755554,-1.930598497390747,-0.5331792235374451,-0.31955212354660034,-1.4035636186599731,-1.4995635747909546,-3.4724042415618896,-3.3067476749420166
station,1.7687690258026123,-0.3115142583847046,-0.9089816212654114,-3.2556309700012207,-3.48374342918396,-1.3065931797027588,-0.8074970841407776,-2.5267527103424072,-2.235233783721924
was,4.149809837341309,-3.0778682231903076,-1.8724684715270996,-1.250968337059021,-2.6141111850738525,-4.257827281951904,-4.480279445648193,-4.041998386383057,-6.596277713775635
busy,2.4108448028564453,-1.14805269241333,-2.0200247764587402,-2.182143211364746,-2.795395851135254,-1.8386943340301514,-1.4886094331741333,-3.81138014793396,-3.6014037132263184
.,3.684939384460449,-2.6372220516204834,-2.994934558868408,-2.905329942703247,-3.359262704849243,-3.36505126953125,-2.8636648654937744,-2.9565768241882324,-4.0165252685546875
-,-,-,-,-,-,-,-,-,-
queen,0.6448014378547668,0.604636549949646,-1.5835176706314087,-1.243316411972046,-1.172588586807251,-0.2901376187801361,-0.70738285779953,-1.883507490158081,-1.924220323562622
victoria,1.7045366764068604,-0.7463218569755554,-1.930598497390747,-0.5331792235374451,-0.31955212354660034,-1.4035636186599731,-1.4995635747909546,-3.4724042415618896,-3.3067476749420166
ruled,1.8429487943649292,-2.5012850761413574,-0.5015815496444702,-0.6443277597427368,-1.3140727281570435,-2.197955369949341,-2.858982801437378,-1.819116234779358,-3.0649564266204834
england,-1.124652624130249,-0.6047684550285339,-3.006420612335205,1.0026811361312866,0.46184542775154114,3.96268367767334,-0.8460715413093567,-2.2416131496429443,0.9234888553619385
.,3.684939384460449,-2.6372220516204834,-2.994934558868408,-2.905329942703247,-3.359262704849243,-3.36505126953125,-2.8636648654937744,-2.9565768241882324,-4.0165252685546875
-,-,-,-,-,-,-,-,-,-
she,4.455005645751953,-2.8423783779144287,-4.259548664093018,-0.08597884327173233,-1.6555429697036743,-5.988958358764648,-3.721527338027954,-4.697469711303711,-7.484073162078857
was,4.149809837341309,-3.0778682231903076,-1.8724684715270996,-1.250968337059021,-2.6141111850738525,-4.257827281951904,-4.480279445648193,-4.041998386383057,-6.596277713775635
a,3.6314375400543213,-2.2964370250701904,-2.339606523513794,-2.1680374145507812,-2.942763566970825,-4.614273548126221,-2.9729979038238525,-3.0617926120758057,-4.474025249481201
queen,0.6448014378547668,0.604636549949646,-1.5835176706314087,-1.243316411972046,-1.172588586807251,-0.2901376187801361,-0.70738285779953,-1.883507490158081,-1.924220323562622
.,3.684939384460449,-2.6372220516204834,-2.994934558868408,-2.905329942703247,-3.359262704849243,-3.36505126953125,-2.8636648654937744,-2.9565768241882324,-4.0165252685546875
-,-,-,-,-,-,-,-,-,-
the,3.4333860874176025,-2.7299840450286865,-2.263749599456787,-3.1945409774780273,-4.063119411468506,-3.493544578552246,-2.888754367828369,-2.904276132583618,-2.9267563819885254
marshall,0.8825270533561707,0.1288665533065796,-2.4282584190368652,0.11104198545217514,-0.13655486702919006,-0.8702545166015625,-0.6733900904655457,-2.661876916885376,-2.230741500854492
had,5.315887451171875,-4.037071228027344,-1.4992461204528809,-3.379725456237793,-4.1811723709106445,-7.95773983001709,-4.593935012817383,-1.9417765140533447,-5.165886402130127
a,3.6314375400543213,-2.2964370250701904,-2.339606523513794,-2.1680374145507812,-2.942763566970825,-4.614273548126221,-2.9729979038238525,-3.0617926120758057,-4.474025249481201
role,1.2113378047943115,-0.984832227230072,-1.365532636642456,0.15966510772705078,-1.0904220342636108,-0.6705414652824402,-2.065758228302002,-2.6830544471740723,-3.5107553005218506
.,3.684939384460449,-2.6372220516204834,-2.994934558868408,-2.905329942703247,-3.359262704849243,-3.36505126953125,-2.8636648654937744,-2.9565768241882324,-4.0165252685546875
-,-,-,-,-,-,-,-,-,-
the,3.4333860874176025,-2.7299840450286865,-2.263749599456787,-3.1945409774780273,-4.063119411468506,-3.493544578552246,-2.888754367828369,-2.904276132583618,-2.9267563819885254
marshall,0.8825270533561707,0.1288665533065796,-2.4282584190368652,0.11104198545217514,-0.13655486702919006,-0.8702545166015625,-0.6733900904655457,-2.661876916885376,-2.230741500854492
plan,2.526923179626465,-1.213085651397705,-3.732675552368164,-2.613858222961426,-3.879469633102417,-1.4491965770721436,-0.5989473462104797,-3.4252078533172607,-2.5697758197784424
aided,1.7045366764068604,-0.7463218569755554,-1.930598497390747,-0.5331792235374451,-0.31955212354660034,-1.4035636186599731,-1.4995635747909546,-3.4724042415618896,-3.3067476749420166
recovery,2.9218976497650146,-1.0323333740234375,-2.0794992446899414,-2.8184871673583984,-3.784364700317383,-3.041991949081421,-1.7246991395950317,-3.14630389213562,-4.153316497802734
.,3.684939384460449,-2.6372220516204834,-2.994934558868408,-2.905329942703247,-3.359262704849243,-3.36505126953125,-2.8636648654937744,-2.9565768241882324,-4.0165252685546875
-,-,-,-,-,-,-,-,-,-
john,-0.31754347681999207,-0.5125392079353333,-2.2746639251708984,4.859251976013184,2.8753206729888916,-0.25198355317115784,-1.5319119691848755,-3.902944326400757,-2.523320198059082
marshall,0.8825270533561707,0.1288665533065796,-2.4282584190368652,0.11104198545217514,-0.13655486702919006,-0.8702545166015625,-0.6733900904655457,-2.661876916885376,-2.230741500854492
lead,2.6157567501068115,-0.10207054018974304,-2.673173189163208,-3.462002754211426,-3.8368756771087646,-3.213925361633301,-0.6647728085517883,-2.292985200881958,-3.214442253112793
something,3.4690051078796387,-2.1099700927734375,-3.4491209983825684,-1.3953300714492798,-2.510195016860962,-4.143064975738525,-2.1946425437927246,-3.961091995239258,-5.030030727386475
.,3.684939384460449,-2.6372220516204834,-2.994934558868408,-2.905329942703247,-3.359262704849243,-3.36505126953125,-2.8636648654937744,-2.9565768241882324,-4.0165252685546875
-,-,-,-,-,-,-,-,-,-
marshall,0.8825270533561707,0.1288665533065796,-2.4282584190368652,0.11104198545217514,-0.13655486702919006,-0.8702545166015625,-0.6733900904655457,-2.661876916885376,-2.230741500854492
fields,1.6046483516693115,-1.1105849742889404,-0.871651291847229,-1.7804536819458008,-2.1258552074432373,-1.3210065364837646,-0.8762115836143494,-2.4004065990448,-2.2662417888641357
closed,3.2382771968841553,-2.372328996658325,-3.4614248275756836,-4.731311798095703,-5.02512788772583,-1.1774016618728638,-1.349241018295288,-2.809790849685669,-2.0078113079071045
stores,2.6367037296295166,-1.5223774909973145,-2.286684036254883,-3.562025547027588,-3.914515256881714,-1.3142337799072266,-1.8406246900558472,-2.9384148120880127,-2.8228132724761963
.,3.684939384460449,-2.6372220516204834,-2.994934558868408,-2.905329942703247,-3.359262704849243,-3.36505126953125,-2.8636648654937744,-2.9565768241882324,-4.0165252685546875
-,-,-,-,-,-,-,-,-,-
ford,1.3668118715286255,-1.3890929222106934,-2.516310453414917,0.8575115203857422,-0.06881149858236313,-0.48916733264923096,-2.0207695960998535,-4.021046161651611,-3.260535717010498
motor,1.301072597503662,-0.5937900543212891,0.9388900399208069,-3.3407654762268066,-3.5037858486175537,-1.4247090816497803,-1.1189924478530884,-0.5967005491256714,-2.8252124786376953
company,2.364332914352417,0.6918842196464539,-3.4325554370880127,-4.800666809082031,-4.125730037689209,-2.7815539836883545,1.8865280151367188,-3.5454962253570557,-1.6358331441879272
grew,2.1645052433013916,-0.9088539481163025,-1.8139231204986572,-2.765378952026367,-3.1419763565063477,-1.7662781476974487,-1.1052935123443604,-2.2166030406951904,-2.4776666164398193
.,3.684939384460449,-2.6372220516204834,-2.994934558868408,-2.905329942703247,-3.359262704849243,-3.36505126953125,-2.8636648654937744,-2.9565768241882324,-4.0165252685546875
-,-,-,-,-,-,-,-,-,-
henry,0.6158177852630615,0.6464654803276062,-3.689624071121216,1.307540774345398,0.7412756085395813,-0.3200758993625641,-0.4461189806461334,-3.66939377784729,-2.739856481552124
ford,1.3668118715286255,-1.3890929222106934,-2.516310453414917,0.8575115203857422,-0.06881149858236313,-0.48916733264923096,-2.0207695960998535,-4.021046161651611,-3.260535717010498
was,4.149809837341309,-3.0778682231903076,-1.8724684715270996,-1.250968337059021,-2.6141111850738525,-4.257827281951904,-4.480279445648193,-4.041998386383057,-6.596277713775635
important,4.156364917755127,-1.8709781169891357,-4.040014743804932,-3.227447509765625,-4.288271427154541,-5.132419586181641,-1.763533592224121,-3.783870220184326,-5.249307155609131
.,3.684939384460449,-2.6372220516204834,-2.994934558868408,-2.905329942703247,-3.359262704849243,-3.36505126953125,-2.8636648654937744,-2.9565768241882324,-4.0165252685546875
-,-,-,-,-,-,-,-,-,-
he,4.3507843017578125,-3.820762872695923,-4.720463752746582,-0.15360912680625916,-1.7876157760620117,-4.814926624298096,-4.090134143829346,-5.401349067687988,-5.316746234893799
had,5.315887451171875,-4.037071228027344,-1.4992461204528809,-3.379725456237793,-4.1811723709106445,-7.95773983001709,-4.593935012817383,-1.9417765140533447,-5.165886402130127
to,3.9423577785491943,-3.8913369178771973,-2.0451855659484863,-2.134186267852783,-2.9660725593566895,-3.4490129947662354,-3.944169759750366,-3.5325262546539307,-4.0027923583984375
ford,1.3668118715286255,-1.3890929222106934,-2.516310453414917,0.8575115203857422,-0.06881149858236313,-0.48916733264923096,-2.0207695960998535,-4.021046161651611,-3.260535717010498
the,3.4333860874176025,-2.7299840450286865,-2.263749599456787,-3.1945409774780273,-4.063119411468506,-3.493544578552246,-2.888754367828369,-2.904276132583618,-2.9267563819885254
river,1.2094457149505615,0.3063722848892212,-1.0081528425216675,-2.9885878562927246,-2.8638741970062256,0.3249170780181885,-0.21665985882282257,-3.225229024887085,-1.787000298500061
.,3.684939384460449,-2.6372220516204834,-2.994934558868408,-2.905329942703247,-3.359262704849243,-3.36505126953125,-2.8636648654937744,-2.9565768241882324,-4.0165252685546875
-,-,-,-,-,-,-,-,-,-
green,1.52558434009552,-0.6471540331840515,-1.510079026222229,0.9596885442733765,-0.22429975867271423,-2.300285577774048,-1.4042893648147583,-3.19872784614563,-4.645819664001465
bay,1.279473066329956,-0.7599940896034241,-0.6663988828659058,-1.3395236730575562,-1.8092371225357056,-1.6540268659591675,-1.5533627271652222,-1.4327589273452759,-2.1994996070861816
packers,2.4593260288238525,-1.6936302185058594,-1.9656397104263306,-2.014024496078491,-2.551619052886963,-2.1991734504699707,-1.9725069999694824,-3.293022871017456,-3.37941837310791
played,3.2331748008728027,-2.021632432937622,-2.169282913208008,-2.90425181388855,-3.5096380710601807,-5.939332008361816,-3.40094256401062,-0.36361056566238403,-5.246293067932129
.,3.684939384460449,-2.6372220516204834,-2.994934558868408,-2.905329942703247,-3.359262704849243,-3.36505126953125,-2.8636648654937744,-2.9565768241882324,-4.0165252685546875
-,-,-,-,-,-,-,-,-,-
the,3.4333860874176025,-2.7299840450286865,-2.263749599456787,-3.1945409774780273,-4.063119411468506,-3.493544578552246,-2.888754367828369,-2.904276132583618,-2.9267563819885254
bay,1.279473066329956,-0.7599940896034241,-0.6663988828659058,-1.3395236730575562,-1.8092371225357056,-1.6540268659591675,-1.5533627271652222,-1.4327589273452759,-2.1994996070861816
looked,3.6159679889678955,-1.9786126613616943,-2.2373194694519043,-2.105823516845703,-3.0905263423919678,-4.671701908111572,-2.8844854831695557,-3.1330997943878174,-5.196709156036377
green,1.52558434009552,-0.6471540331840515,-1.510079026222229,0.9596885442733765,-0.22429975867271423,-2.300285577774048,-1.4042893648147583,-3.19872784614563,-4.645819664001465
.,3.684939384460449,-2.6372220516204834,-2.994934558868408,-2.905329942703247,-3.359262704849243,-3.36505126953125,-2.8636648654937744,-2.9565768241882324,-4.0165252685546875
-,-,-,-,-,-,-,-,-,-
paul,1.334459900856018,-2.1303725242614746,-5.2160491943359375,4.263289451599121,2.3721694946289062,-1.3223962783813477,-2.362321615219116,-5.444733619689941,-2.764033555984497
likes,1.7045366764068604,-0.7463218569755554,-1.930598497390747,-0.5331792235374451,-0.31955212354660034,-1.4035636186599731,-1.4995635747909546,-3.4724042415618896,-3.3067476749420166
atlantic,1.3382670879364014,-0.8223324418067932,-0.47686073184013367,-3.343806743621826,-3.4546279907226562,0.08999841660261154,-0.8580538034439087,-2.6521317958831787,-0.9669645428657532
city,0.8353174924850464,1.577300786972046,-1.267888069152832,-6.136523246765137,-5.090765476226807,1.4089860916137695,1.0463840961456299,-2.41202712059021,1.4674696922302246
.,3.684939384460449,-2.6372220516204834,-2.994934558868408,-2.905329942703247,-3.359262704849243,-3.36505126953125,-2.8636648654937744,-2.9565768241882324,-4.0165252685546875
-,-,-,-,-,-,-,-,-,-
there,3.2057368755340576,-1.304847002029419,-3.5924129486083984,-2.0629959106445312,-3.381040096282959,-2.0413761138916016,-2.7056338787078857,-4.984632968902588,-4.275764465332031
was,4.149809837341309,-3.0778682231903076,-1.8724684715270996,-1.250968337059021,-2.6141111850738525,-4.257827281951904,-4.480279445648193,-4.041998386383057,-6.596277713775635
a,3.6314375400543213,-2.2964370250701904,-2.339606523513794,-2.1680374145507812,-2.942763566970825,-4.614273548126221,-2.9729979038238525,-3.0617926120758057,-4.474025249481201
storm,2.5293078422546387,-0.6464700102806091,-1.4825725555419922,-3.8904922008514404,-3.8745338916778564,-1.9296060800552368,-1.2980011701583862,-3.178013801574707,-2.919947624206543
in,3.87794828414917,-3.129319906234741,-2.4198789596557617,-3.2913782596588135,-3.990758180618286,-3.783992290496826,-3.265857458114624,-3.0477843284606934,-3.9325034618377686
the,3.4333860874176025,-2.7299840450286865,-2.263749599456787,-3.1945409774780273,-4.063119411468506,-3.493544578552246,-2.888754367828369,-2.904276132583618,-2.9267563819885254
atlantic,1.3382670879364014,-0.8223324418067932,-0.47686073184013367,-3.343806743621826,-3.4546279907226562,0.08999841660261154,-0.8580538034439087,-2.6521317958831787,-0.9669645428657532
ocean,1.869386911392212,-0.9613046050071716,-0.3445412218570709,-3.821566104888916,-3.8804619312286377,-1.1591379642486572,-1.4180406332015991,-1.7391971349716187,-1.9021856784820557
.,3.684939384460449,-2.6372220516204834,-2.994934558868408,-2.905329942703247,-3.359262704849243,-3.36505126953125,-2.8636648654937744,-2.9565768241882324,-4.0165252685546875
-,-,-,-,-,-,-,-,-,-
indian,2.8847944736480713,-1.72263765335083,-0.6589019298553467,-4.394965171813965,-4.522008895874023,-3.148862838745117,-1.0700982809066772,-2.2667458057403564,-2.97879958152771
ocean,1.869386911392212,-0.9613046050071716,-0.3445412218570709,-3.821566104888916,-3.8804619312286377,-1.1591379642486572,-1.4180406332015991,-1.7391971349716187,-1.9021856784820557
storms,1.7045366764068604,-0.7463218569755554,-1.930598497390747,-0.5331792235374451,-0.31955212354660034,-1.4035636186599731,-1.4995635747909546,-3.4724042415618896,-3.3067476749420166
are,4.4172043800354,-0.2236778736114502,-0.1783718317747116,-6.84722375869751,-5.920546054840088,-4.939393997192383,-2.05855393409729,-3.748840570449829,-5.67763614654541
bad,3.206510066986084,-1.4603416919708252,-2.0082459449768066,-2.118741989135742,-2.7090823650360107,-3.744509220123291,-2.8305394649505615,-3.4170663356781006,-4.7840094566345215
.,3.684939384460449,-2.6372220516204834,-2.994934558868408,-2.905329942703247,-3.359262704849243,-3.36505126953125,-2.8636648654937744,-2.9565768241882324,-4.0165252685546875
-,-,-,-,-,-,-,-,-,-
the,3.4333860874176025,-2.7299840450286865,-2.263749599456787,-3.1945409774780273,-4.063119411468506,-3.493544578552246,-2.888754367828369,-2.904276132583618,-2.9267563819885254
indian,2.8847944736480713,-1.72263765335083,-0.6589019298553467,-4.394965171813965,-4.522008895874023,-3.148862838745117,-1.0700982809066772,-2.2667458057403564,-2.97879958152771
embassy,0.03403863683342934,-0.280476450920105,-0.560481071472168,-0.9049042463302612,-1.5602542161941528,0.8953761458396912,-0.7041995525360107,-1.8999639749526978,-1.448836326599121
issued,2.8162877559661865,-1.1675465106964111,-2.1420505046844482,-2.7408103942871094,-3.3225550651550293,-2.2819976806640625,-0.7453200221061707,-4.6360344886779785,-4.325637340545654
visas,2.411738157272339,-1.6425621509552002,-1.3827126026153564,-1.5124520063400269,-2.1422579288482666,-2.4437217712402344,-1.8773142099380493,-3.1286139488220215,-3.8806684017181396
.,3.684939384460449,-2.6372220516204834,-2.994934558868408,-2.905329942703247,-3.359262704849243,-3.36505126953125,-2.8636648654937744,-2.9565768241882324,-4.0165252685546875
-,-,-,-,-,-,-,-,-,-
general,1.706360101699829,-0.9554087519645691,-1.3452603816986084,-2.6965222358703613,-2.9836862087249756,-1.3521885871887207,-0.7639936804771423,-2.3911900520324707,-2.106879234313965
motors,2.1873276233673096,-1.2963736057281494,-1.372064471244812,-2.4331698417663574,-2.7648723125457764,-1.7704998254776,-1.4244312047958374,-2.5375888347625732,-3.1825311183929443
announced,3.9192304611206055,-2.5777764320373535,-1.2761965990066528,-3.8474974632263184,-4.2267279624938965,-4.910965442657471,-2.5587968826293945,-2.5544216632843018,-5.432855129241943
layoffs,1.7045366764068604,-0.7463218569755554,-1.930598497390747,-0.5331792235374451,-0.31955212354660034,-1.4035636186599731,-1.4995635747909546,-3.4724042415618896,-3.3067476749420166
.,3.684939384460449,-2.6372220516204834,-2.994934558868408,-2.905329942703247,-3.359262704849243,-3.36505126953125,-2.8636648654937744,-2.9565768241882324,-4.0165252685546875
-,-,-,-,-,-,-,-,-,-
the,3.4333860874176025,-2.7299840450286865,-2.263749599456787,-3.1945409774780273,-4.063119411468506,-3.493544578552246,-2.888754367828369,-2.904276132583618,-2.9267563819885254
general,1.706360101699829,-0.9554087519645691,-1.3452603816986084,-2.6965222358703613,-2.9836862087249756,-1.3521885871887207,-0.7639936804771423,-2.3911900520324707,-2.106879234313965
ordered,2.5392119884490967,-2.6229398250579834,-1.403684139251709,0.014889143407344818,-1.424803376197815,-2.900815486907959,-2.603858709335327,-3.2997636795043945,-4.668299198150635
soldiers,3.102008104324341,-2.517368793487549,-0.14741834998130798,-2.451441764831543,-3.0785348415374756,-3.0249762535095215,-3.17116379737854,-3.953247547149658,-4.753976345062256
.,3.684939384460449,-2.6372220516204834,-2.994934558868408,-2.905329942703247,-3.359262704849243,-3.36505126953125,-2.8636648654937744,-2.9565768241882324,-4.0165252685546875
-,-,-,-,-,-,-,-,-,-
standard,1.659015417098999,0.8269926905632019,-1.9355028867721558,-2.869441509246826,-2.5417258739471436,-1.6194498538970947,-0.16309615969657898,-2.1868720054626465,-3.0921552181243896
oil,2.501023530960083,0.021648917347192764,-1.7081730365753174,-5.163631439208984,-5.043063640594482,-1.3292566537857056,0.6809009313583374,-4.028560161590576,-2.9474172592163086
is,3.9628078937530518,-2.1667673587799072,-1.5069366693496704,-2.2415175437927246,-3.2124674320220947,-5.219686508178711,-2.523775100708008,-4.633572578430176,-5.363131999969482
a,3.6314375400543213,-2.2964370250701904,-2.339606523513794,-2.1680374145507812,-2.942763566970825,-4.614273548126221,-2.9729979038238525,-3.0617926120758057,-4.474025249481201
company,2.364332914352417,0.6918842196464539,-3.4325554370880127,-4.800666809082031,-4.125730037689209,-2.7815539836883545,1.8865280151367188,-3.5454962253570557,-1.6358331441879272
.,3.684939384460449,-2.6372220516204834,-2.994934558868408,-2.905329942703247,-3.359262704849243,-3.36505126953125,-2.8636648654937744,-2.9565768241882324,-4.0165252685546875
-,-,-,-,-,-,-,-,-,-
the,3.4333860874176025,-2.7299840450286865,-2.263749599456787,-3.1945409774780273,-4.063119411468506,-3.493544578552246,-2.888754367828369,-2.904276132583618,-2.9267563819885254
standard,1.659015417098999,0.8269926905632019,-1.9355028867721558,-2.869441509246826,-2.5417258739471436,-1.6194498538970947,-0.16309615969657898,-2.1868720054626465,-3.0921552181243896
was,4.149809837341309,-3.0778682231903076,-1.8724684715270996,-1.250968337059021,-2.6141111850738525,-4.257827281951904,-4.480279445648193,-4.041998386383057,-6.596277713775635
high,2.6126224994659424,-2.784517288208008,-0.8184170126914978,-0.7097803354263306,-2.229494333267212,-3.066351890563965,-3.3208391666412354,-2.2527196407318115,-5.0905866622924805
.,3.684939384460449,-2.6372220516204834,-2.994934558868408,-2.905329942703247,-3.359262704849243,-3.36505126953125,-2.8636648654937744,-2.9565768241882324,-4.0165252685546875
-,-,-,-,-,-,-,-,-,-
the,3.4333860874176025,-2.7299840450286865,-2.263749599456787,-3.1945409774780273,-4.063119411468506,-3.493544578552246,-2.888754367828369,-2.904276132583618,-2.9267563819885254
oil,2.501023530960083,0.021648917347192764,-1.7081730365753174,-5.163631439208984,-5.043063640594482,-1.3292566537857056,0.6809009313583374,-4.028560161590576,-2.9474172592163086
was,4.149809837341309,-3.0778682231903076,-1.8724684715270996,-1.250968337059021,-2.6141111850738525,-4.257827281951904,-4.480279445648193,-4.041998386383057,-6.596277713775635
standard,1.659015417098999,0.8269926905632019,-1.9355028867721558,-2.869441509246826,-2.5417258739471436,-1.6194498538970947,-0.16309615969657898,-2.1868720054626465,-3.0921552181243896
.,3.684939384460449,-2.6372220516204834,-2.994934558868408,-2.905329942703247,-3.359262704849243,-3.36505126953125,-2.8636648654937744,-2.9565768241882324,-4.0165252685546875
-,-,-,-,-,-,-,-,-,-
bush,1.4746489524841309,-0.6664618849754333,-1.5039767026901245,-0.5443620085716248,-1.107039213180542,-0.8880972266197205,-1.33940851688385,-3.722384452819824,-2.9547126293182373
administration,1.8681681156158447,-1.1707634925842285,-2.057199001312256,-2.751375675201416,-3.937809467315674,-1.0511595010757446,-0.40315863490104675,-2.410097360610962,-2.3927366733551025
policies,2.180412769317627,-2.1307146549224854,-1.3619105815887451,-2.32210111618042,-3.103158712387085,-1.8170417547225952,-1.2854408025741577,-2.43168568611145,-2.6737921237945557
had,5.315887451171875,-4.037071228027344,-1.4992461204528809,-3.379725456237793,-4.1811723709106445,-7.95773983001709,-4.593935012817383,-1.9417765140533447,-5.165886402130127
effects,3.2623491287231445,-1.8151605129241943,-1.1019595861434937,-4.961376667022705,-5.002564430236816,-3.4118151664733887,-1.499816656112671,-2.1307015419006348,-2.9489376544952393
.,3.684939384460449,-2.6372220516204834,-2.994934558868408,-2.905329942703247,-3.359262704849243,-3.36505126953125,-2.8636648654937744,-2.9565768241882324,-4.0165252685546875
-,-,-,-,-,-,-,-,-,-
the,3.4333860874176025,-2.7299840450286865,-2.263749599456787,-3.1945409774780273,-4.063119411468506,-3.493544578552246,-2.888754367828369,-2.904276132583618,-2.9267563819885254
bush,1.4746489524841309,-0.6664618849754333,-1.5039767026901245,-0.5443620085716248,-1.107039213180542,-0.8880972266197205,-1.33940851688385,-3.722384452819824,-2.9547126293182373
was,4.149809837341309,-3.0778682231903076,-1.8724684715270996,-1.250968337059021,-2.6141111850738525,-4.257827281951904,-4.480279445648193,-4.041998386383057,-6.596277713775635
trimmed,1.7045366764068604,-0.7463218569755554,-1.930598497390747,-0.5331792235374451,-0.31955212354660034,-1.4035636186599731,-1.4995635747909546,-3.4724042415618896,-3.3067476749420166
.,3.684939384460449,-2.6372220516204834,-2.994934558868408,-2.905329942703247,-3.359262704849243,-3.36505126953125,-2.8636648654937744,-2.9565768241882324,-4.0165252685546875
-,-,-,-,-,-,-,-,-,-
george,0.725972592830658,0.21647909283638,-2.567301034927368,0.5594173073768616,-0.06683138012886047,-0.3905813694000244,-0.34574058651924133,-3.8127098083496094,-2.605722188949585
bush,1.4746489524841309,-0.6664618849754333,-1.5039767026901245,-0.5443620085716248,-1.107039213180542,-0.8880972266197205,-1.33940851688385,-3.722384452819824,-2.9547126293182373
was,4.149809837341309,-3.0778682231903076,-1.8724684715270996,-1.250968337059021,-2.6141111850738525,-4.257827281951904,-4.480279445648193,-4.041998386383057,-6.596277713775635
the,3.4333860874176025,-2.7299840450286865,-2.263749599456787,-3.1945409774780273,-4.063119411468506,-3.493544578552246,-2.888754367828369,-2.904276132583618,-2.9267563819885254
president,1.8905857801437378,-1.751499891281128,-1.295469045639038,0.5636186599731445,-1.0986829996109009,-2.2756757736206055,-1.426878809928894,-3.567904233932495,-4.738307476043701
.,3.684939384460449,-2.6372220516204834,-2.994934558868408,-2.905329942703247,-3.359262704849243,-3.36505126953125,-2.8636648654937744,-2.9565768241882324,-4.0165252685546875
-,-,-,-,-,-,-,-,-,-
the,3.4333860874176025,-2.7299840450286865,-2.263749599456787,-3.1945409774780273,-4.063119411468506,-3.493544578552246,-2.888754367828369,-2.904276132583618,-2.9267563819885254
river,1.2094457149505615,0.3063722848892212,-1.0081528425216675,-2.9885878562927246,-2.8638741970062256,0.3249170780181885,-0.21665985882282257,-3.225229024887085,-1.787000298500061
bank,0.8594725728034973,-0.01878194510936737,-1.3811073303222656,-4.284273624420166,-4.886904239654541,-0.10825616121292114,0.551909863948822,-2.3901684284210205,0.32103702425956726
is,3.9628078937530518,-2.1667673587799072,-1.5069366693496704,-2.2415175437927246,-3.2124674320220947,-5.219686508178711,-2.523775100708008,-4.633572578430176,-5.363131999969482
a,3.6314375400543213,-2.2964370250701904,-2.339606523513794,-2.1680374145507812,-2.942763566970825,-4.614273548126221,-2.9729979038238525,-3.0617926120758057,-4.474025249481201
good,4.73150634765625,-2.623849630355835,-4.05578088760376,-2.2978515625,-3.487656831741333,-6.35732364654541,-2.5142314434051514,-4.418219089508057,-6.170650005340576
place,3.0883641242980957,-2.0972917079925537,-1.4203674793243408,-3.155360698699951,-3.048013925552368,-2.592759132385254,-3.671055793762207,-2.913217782974243,-4.606802463531494
to,3.9423577785491943,-3.8913369178771973,-2.0451855659484863,-2.134186267852783,-2.9660725593566895,-3.4490129947662354,-3.944169759750366,-3.5325262546539307,-4.0027923583984375
fish,1.7045366764068604,-0.7463218569755554,-1.930598497390747,-0.5331792235374451,-0.31955212354660034,-1.4035636186599731,-1.4995635747909546,-3.4724042415618896,-3.3067476749420166
.,3.684939384460449,-2.6372220516204834,-2.994934558868408,-2.905329942703247,-3.359262704849243,-3.36505126953125,-2.8636648654937744,-2.9565768241882324,-4.0165252685546875
-,-,-,-,-,-,-,-,-,-
king,-0.8994801044464111,0.12819349765777588,-1.1072213649749756,2.4536473751068115,1.386098027229309,1.9348175525665283,-1.0052310228347778,-2.9397449493408203,-1.358485221862793
george,0.725972592830658,0.21647909283638,-2.567301034927368,0.5594173073768616,-0.06683138012886047,-0.3905813694000244,-0.34574058651924133,-3.8127098083496094,-2.605722188949585
ruled,1.8429487943649292,-2.5012850761413574,-0.5015815496444702,-0.6443277597427368,-1.3140727281570435,-2.197955369949341,-2.858982801437378,-1.819116234779358,-3.0649564266204834
britain,-1.240530252456665,-0.07260489463806152,-1.6866652965545654,2.127594470977783,1.8349937200546265,5.768898963928223,-1.3195823431015015,-4.033171653747559,-2.2962288856506348
.,3.684939384460449,-2.6372220516204834,-2.994934558868408,-2.905329942703247,-3.359262704849243,-3.36505126953125,-2.8636648654937744,-2.9565768241882324,-4.0165252685546875
-,-,-,-,-,-,-,-,-,-
he,4.3507843017578125,-3.820762872695923,-4.720463752746582,-0.15360912680625916,-1.7876157760620117,-4.814926624298096,-4.090134143829346,-5.401349067687988,-5.316746234893799
was,4.149809837341309,-3.0778682231903076,-1.8724684715270996,-1.250968337059021,-2.6141111850738525,-4.257827281951904,-4.480279445648193,-4.041998386383057,-6.596277713775635
a,3.6314375400543213,-2.2964370250701904,-2.339606523513794,-2.1680374145507812,-2.942763566970825,-4.614273548126221,-2.9729979038238525,-3.0617926120758057,-4.474025249481201
king,-0.8994801044464111,0.12819349765777588,-1.1072213649749756,2.4536473751068115,1.386098027229309,1.9348175525665283,-1.0052310228347778,-2.9397449493408203,-1.358485221862793
.,3.684939384460449,-2.6372220516204834,-2.994934558868408,-2.905329942703247,-3.359262704849243,-3.36505126953125,-2.8636648654937744,-2.9565768241882324,-4.0165252685546875
-,-,-,-,-,-,-,-,-,-
london,-0.7144259810447693,1.3285651206970215,-1.631169080734253,-1.9394830465316772,-2.393174886703491,5.177235126495361,0.8281574845314026,-3.391380548477173,-0.7942778468132019
bridge,0.938084065914154,0.12783589959144592,-2.6113808155059814,-0.05728155001997948,-0.44770124554634094,-0.6776350140571594,-1.619977593421936,-2.5408194065093994,-2.3998961448669434
is,3.9628078937530518,-2.1667673587799072,-1.5069366693496704,-2.2415175437927246,-3.2124674320220947,-5.219686508178711,-2.523775100708008,-4.633572578430176,-5.363131999969482
falling,3.8206684589385986,-1.7123563289642334,-1.7528483867645264,-5.277547836303711,-5.4423298835754395,-3.5027689933776855,-2.0728342533111572,-3.2090003490448,-4.287247180938721
.,3.684939384460449,-2.6372220516204834,-2.994934558868408,-2.905329942703247,-3.359262704849243,-3.36505126953125,-2.8636648654937744,-2.9565768241882324,-4.0165252685546875
-,-,-,-,-,-,-,-,-,-
london,-0.7144259810447693,1.3285651206970215,-1.631169080734253,-1.9394830465316772,-2.393174886703491,5.177235126495361,0.8281574845314026,-3.391380548477173,-0.7942778468132019
metals,2.3015143871307373,-1.2698619365692139,-1.7502590417861938,-2.5901615619659424,-2.9536044597625732,-2.4128594398498535,-0.8395901322364807,-2.741724729537964,-2.9953713417053223
exchange,2.0384018421173096,-0.9983246922492981,-1.5469844341278076,-4.5426764488220215,-4.487127780914307,-2.3204360008239746,0.3473571240901947,-2.3806235790252686,-1.856792688369751
traded,3.4285452365875244,-1.4232923984527588,-2.0498149394989014,-3.8140439987182617,-4.066178798675537,-2.9701087474823,-2.0531065464019775,-3.619553804397583,-3.997516393661499
.,3.684939384460449,-2.6372220516204834,-2.994934558868408,-2.905329942703247,-3.359262704849243,-3.36505126953125,-2.8636648654937744,-2.9565768241882324,-4.0165252685546875
-,-,-,-,-,-,-,-,-,-
the,3.4333860874176025,-2.7299840450286865,-2.263749599456787,-3.1945409774780273,-4.063119411468506,-3.493544578552246,-2.888754367828369,-2.904276132583618,-2.9267563819885254
bridge,0.938084065914154,0.12783589959144592,-2.6113808155059814,-0.05728155001997948,-0.44770124554634094,-0.6776350140571594,-1.619977593421936,-2.5408194065093994,-2.3998961448669434
is,3.9628078937530518,-2.1667673587799072,-1.5069366693496704,-2.2415175437927246,-3.2124674320220947,-5.219686508178711,-2.523775100708008,-4.633572578430176,-5.363131999969482
falling,3.8206684589385986,-1.7123563289642334,-1.7528483867645264,-5.277547836303711,-5.4423298835754395,-3.5027689933776855,-2.0728342533111572,-3.2090003490448,-4.287247180938721
.,3.684939384460449,-2.6372220516204834,-2.994934558868408,-2.905329942703247,-3.359262704849243,-3.36505126953125,-2.8636648654937744,-2.9565768241882324,-4.0165252685546875
-,-,-,-,-,-,-,-,-,-
the,3.4333860874176025,-2.7299840450286865,-2.263749599456787,-3.1945409774780273,-4.063119411468506,-3.493544578552246,-2.888754367828369,-2.904276132583618,-2.9267563819885254
we,3.9495410919189453,-1.1506221294403076,-3.1170666217803955,-4.0264787673950195,-3.7736055850982666,-4.4415106773376465,-2.581352949142456,-4.874111175537109,-5.6330246925354
exchange,2.0384018421173096,-0.9983246922492981,-1.5469844341278076,-4.5426764488220215,-4.487127780914307,-2.3204360008239746,0.3473571240901947,-2.3806235790252686,-1.856792688369751
metals,2.3015143871307373,-1.2698619365692139,-1.7502590417861938,-2.5901615619659424,-2.9536044597625732,-2.4128594398498535,-0.8395901322364807,-2.741724729537964,-2.9953713417053223
.,3.684939384460449,-2.6372220516204834,-2.994934558868408,-2.905329942703247,-3.359262704849243,-3.36505126953125,-2.8636648654937744,-2.9565768241882324,-4.0165252685546875
-,-,-,-,-,-,-,-,-,-
we,3.9495410919189453,-1.1506221294403076,-3.1170666217803955,-4.0264787673950195,-3.7736055850982666,-4.4415106773376465,-2.581352949142456,-4.874111175537109,-5.6330246925354
exchange,2.0384018421173096,-0.9983246922492981,-1.5469844341278076,-4.5426764488220215,-4.487127780914307,-2.3204360008239746,0.3473571240901947,-2.3806235790252686,-1.856792688369751
substances,1.7045366764068604,-0.7463218569755554,-1.930598497390747,-0.5331792235374451,-0.31955212354660034,-1.4035636186599731,-1.4995635747909546,-3.4724042415618896,-3.3067476749420166
.,3.684939384460449,-2.6372220516204834,-2.994934558868408,-2.905329942703247,-3.359262704849243,-3.36505126953125,-2.8636648654937744,-2.9565768241882324,-4.0165252685546875
-,-,-,-,-,-,-,-,-,-
i,5.5099334716796875,-3.020784378051758,-6.104560375213623,-2.080512046813965,-2.921229600906372,-8.56741714477539,-4.2269697189331055,-3.3655922412872314,-7.34534215927124
like,4.341931343078613,-2.9995334148406982,-3.3625872135162354,-1.770017147064209,-2.7528815269470215,-5.829343795776367,-3.3838632106781006,-3.1250035762786865,-6.487575054168701
metals,2.3015143871307373,-1.2698619365692139,-1.7502590417861938,-2.5901615619659424,-2.9536044597625732,-2.4128594398498535,-0.8395901322364807,-2.741724729537964,-2.9953713417053223
.,3.684939384460449,-2.6372220516204834,-2.994934558868408,-2.905329942703247,-3.359262704849243,-3.36505126953125,-2.8636648654937744,-2.9565768241882324,-4.0165252685546875
-,-,-,-,-,-,-,-,-,-
central,1.78603196144104,-1.3566606044769287,0.09734560549259186,-6.176930904388428,-5.870914459228516,-0.26855432987213135,-1.0398228168487549,-1.538751482963562,0.35379743576049805
park,0.46019676327705383,2.1866378784179688,-2.488682508468628,-1.2902097702026367,-1.4359689950942993,-1.3093559741973877,0.9616089463233948,-1.61814284324646,-2.722670078277588
attracted,1.7045366764068604,-0.7463218569755554,-1.930598497390747,-0.5331792235374451,-0.31955212354660034,-1.4035636186599731,-1.4995635747909546,-3.4724042415618896,-3.3067476749420166
visitors,2.087735891342163,-1.2232513427734375,-0.2371772974729538,-2.5761265754699707,-2.844512462615967,-2.5127689838409424,-1.5005632638931274,-2.0479228496551514,-3.193716526031494
.,3.684939384460449,-2.6372220516204834,-2.994934558868408,-2.905329942703247,-3.359262704849243,-3.36505126953125,-2.8636648654937744,-2.9565768241882324,-4.0165252685546875
-,-,-,-,-,-,-,-,-,-
the,3.4333860874176025,-2.7299840450286865,-2.263749599456787,-3.1945409774780273,-4.063119411468506,-3.493544578552246,-2.888754367828369,-2.904276132583618,-2.9267563819885254
central,1.78603196144104,-1.3566606044769287,0.09734560549259186,-6.176930904388428,-5.870914459228516,-0.26855432987213135,-1.0398228168487549,-1.538751482963562,0.35379743576049805
issue,2.03662109375,0.5990553498268127,-3.7892467975616455,-3.1992855072021484,-3.9826443195343018,-0.7564316391944885,0.03849831596016884,-3.601940870285034,-2.4553143978118896
remained,4.1550750732421875,-1.382390022277832,-2.0636167526245117,-4.491805076599121,-4.967121601104736,-5.6030402183532715,-1.5607246160507202,-3.2250008583068848,-4.477731227874756
.,3.684939384460449,-2.6372220516204834,-2.994934558868408,-2.905329942703247,-3.359262704849243,-3.36505126953125,-2.8636648654937744,-2.9565768241882324,-4.0165252685546875
-,-,-,-,-,-,-,-,-,-
the,3.4333860874176025,-2.7299840450286865,-2.263749599456787,-3.1945409774780273,-4.063119411468506,-3.493544578552246,-2.888754367828369,-2.904276132583618,-2.9267563819885254
park,0.46019676327705383,2.1866378784179688,-2.488682508468628,-1.2902097702026367,-1.4359689950942993,-1.3093559741973877,0.9616089463233948,-1.61814284324646,-2.722670078277588
was,4.149809837341309,-3.0778682231903076,-1.8724684715270996,-1.250968337059021,-2.6141111850738525,-4.257827281951904,-4.480279445648193,-4.041998386383057,-6.596277713775635
central,1.78603196144104,-1.3566606044769287,0.09734560549259186,-6.176930904388428,-5.870914459228516,-0.26855432987213135,-1.0398228168487549,-1.538751482963562,0.35379743576049805
.,3.684939384460449,-2.6372220516204834,-2.994934558868408,-2.905329942703247,-3.359262704849243,-3.36505126953125,-2.8636648654937744,-2.9565768241882324,-4.0165252685546875
-,-,-,-,-,-,-,-,-,-
john,-0.31754347681999207,-0.5125392079353333,-2.2746639251708984,4.859251976013184,2.8753206729888916,-0.25198355317115784,-1.5319119691848755,-3.902944326400757,-2.523320198059082
park,0.46019676327705383,2.1866378784179688,-2.488682508468628,-1.2902097702026367,-1.4359689950942993,-1.3093559741973877,0.9616089463233948,-1.61814284324646,-2.722670078277588
was,4.149809837341309,-3.0778682231903076,-1.8724684715270996,-1.250968337059021,-2.6141111850738525,-4.257827281951904,-4.480279445648193,-4.041998386383057,-6.596277713775635
korean,2.2343311309814453,-3.272629499435425,1.2707548141479492,-1.9761908054351807,-1.8556790351867676,-4.273614883422852,-3.112475633621216,-0.6995760202407837,-4.181620121002197
.,3.684939384460449,-2.6372220516204834,-2.994934558868408,-2.905329942703247,-3.359262704849243,-3.36505126953125,-2.8636648654937744,-2.9565768241882324,-4.0165252685546875
-,-,-,-,-,-,-,-,-,-
dutch,1.828752875328064,-1.5304131507873535,1.8403294086456299,-3.153654098510742,-2.9524800777435303,-3.0607218742370605,-1.992891550064087,-1.3582441806793213,-3.6116273403167725
east,1.2460464239120483,0.4149113893508911,-0.8176590800285339,-6.20913028717041,-5.714422225952148,0.11772654950618744,0.6014179587364197,-2.0134119987487793,-0.1215660497546196
india,-0.5156275033950806,-0.6911364793777466,-1.6145775318145752,-1.8423360586166382,-2.0606095790863037,4.59574556350708,-1.0569987297058105,-2.326017141342163,1.7262896299362183
company,2.364332914352417,0.6918842196464539,-3.4325554370880127,-4.800666809082031,-4.125730037689209,-2.7815539836883545,1.8865280151367188,-3.5454962253570557,-1.6358331441879272
traded,3.4285452365875244,-1.4232923984527588,-2.0498149394989014,-3.8140439987182617,-4.066178798675537,-2.9701087474823,-2.0531065464019775,-3.619553804397583,-3.997516393661499
.,3.684939384460449,-2.6372220516204834,-2.994934558868408,-2.905329942703247,-3.359262704849243,-3.36505126953125,-2.8636648654937744,-2.9565768241882324,-4.0165252685546875
-,-,-,-,-,-,-,-,-,-
the,3.4333860874176025,-2.7299840450286865,-2.263749599456787,-3.1945409774780273,-4.063119411468506,-3.493544578552246,-2.888754367828369,-2.904276132583618,-2.9267563819885254
dutch,1.828752875328064,-1.5304131507873535,1.8403294086456299,-3.153654098510742,-2.9524800777435303,-3.0607218742370605,-1.992891550064087,-1.3582441806793213,-3.6116273403167725
man,2.5034749507904053,-1.913853406906128,-0.8057354688644409,-0.27770864963531494,-0.9839017391204834,-3.1629438400268555,-2.8691511154174805,-3.927586555480957,-4.872588157653809
was,4.149809837341309,-3.0778682231903076,-1.8724684715270996,-1.250968337059021,-2.6141111850738525,-4.257827281951904,-4.480279445648193,-4.041998386383057,-6.596277713775635
tall,1.7045366764068604,-0.7463218569755554,-1.930598497390747,-0.5331792235374451,-0.31955212354660034,-1.4035636186599731,-1.4995635747909546,-3.4724042415618896,-3.3067476749420166
.,3.684939384460449,-2.6372220516204834,-2.994934558868408,-2.905329942703247,-3.359262704849243,-3.36505126953125,-2.8636648654937744,-2.9565768241882324,-4.0165252685546875
-,-,-,-,-,-,-,-,-,-
the,3.4333860874176025,-2.7299840450286865,-2.263749599456787,-3.1945409774780273,-4.063119411468506,-3.493544578552246,-2.888754367828369,-2.904276132583618,-2.9267563819885254
davinci,1.7045366764068604,-0.7463218569755554,-1.930598497390747,-0.5331792235374451,-0.31955212354660034,-1.4035636186599731,-1.4995635747909546,-3.4724042415618896,-3.3067476749420166
code,1.7045366764068604,-0.7463218569755554,-1.930598497390747,-0.5331792235374451,-0.31955212354660034,-1.4035636186599731,-1.4995635747909546,-3.4724042415618896,-3.3067476749420166
was,4.149809837341309,-3.0778682231903076,-1.8724684715270996,-1.250968337059021,-2.6141111850738525,-4.257827281951904,-4.480279445648193,-4.041998386383057,-6.596277713775635
a,3.6314375400543213,-2.2964370250701904,-2.339606523513794,-2.1680374145507812,-2.942763566970825,-4.614273548126221,-2.9729979038238525,-3.0617926120758057,-4.474025249481201
best,3.1616036891937256,-2.0771331787109375,-3.422870397567749,-0.3476479649543762,-1.9097262620925903,-4.9921746253967285,-3.156780481338501,-1.5857467651367188,-5.34391450881958
seller,1.7045366764068604,-0.7463218569755554,-1.930598497390747,-0.5331792235374451,-0.31955212354660034,-1.4035636186599731,-1.4995635747909546,-3.4724042415618896,-3.3067476749420166
.,3.684939384460449,-2.6372220516204834,-2.994934558868408,-2.905329942703247,-3.359262704849243,-3.36505126953125,-2.8636648654937744,-2.9565768241882324,-4.0165252685546875
-,-,-,-,-,-,-,-,-,-
the,3.4333860874176025,-2.7299840450286865,-2.263749599456787,-3.1945409774780273,-4.063119411468506,-3.493544578552246,-2.888754367828369,-2.904276132583618,-2.9267563819885254
oscar,1.2602488994598389,-1.0315320491790771,-1.2956477403640747,-0.6358591318130493,-1.2362391948699951,-1.2766079902648926,-1.2425860166549683,-2.5330862998962402,-2.148259162902832
code,1.7045366764068604,-0.7463218569755554,-1.930598497390747,-0.5331792235374451,-0.31955212354660034,-1.4035636186599731,-1.4995635747909546,-3.4724042415618896,-3.3067476749420166
is,3.9628078937530518,-2.1667673587799072,-1.5069366693496704,-2.2415175437927246,-3.2124674320220947,-5.219686508178711,-2.523775100708008,-4.633572578430176,-5.363131999969482
not,5.794832229614258,-1.2070705890655518,-7.347766399383545,-3.326453447341919,-3.5599801540374756,-4.976500511169434,-5.34594202041626,-4.020742893218994,-5.647986888885498
a,3.6314375400543213,-2.2964370250701904,-2.339606523513794,-2.1680374145507812,-2.942763566970825,-4.614273548126221,-2.9729979038238525,-3.0617926120758057,-4.474025249481201
real,2.439952850341797,-0.3599509000778198,-2.477759838104248,-2.9440269470214844,-3.3460521697998047,-2.3535401821136475,-1.1251791715621948,-2.426753044128418,-3.3945791721343994
book,2.0779073238372803,-1.2360203266143799,-0.6332074999809265,-1.9151090383529663,-2.420637369155884,-2.9127416610717773,-1.3427541255950928,-2.0894131660461426,-4.146904468536377
title,3.0369036197662354,-2.2100577354431152,-0.07235345244407654,-3.230612277984619,-3.7232296466827393,-4.6997761726379395,-3.54314923286438,-0.04597347602248192,-5.351582050323486
.,3.684939384460449,-2.6372220516204834,-2.994934558868408,-2.905329942703247,-3.359262704849243,-3.36505126953125,-2.8636648654937744,-2.9565768241882324,-4.0165252685546875
-,-,-,-,-,-,-,-,-,-
john,-0.31754347681999207,-0.5125392079353333,-2.2746639251708984,4.859251976013184,2.8753206729888916,-0.25198355317115784,-1.5319119691848755,-3.902944326400757,-2.523320198059082
adams,0.9775082468986511,-1.4596912860870361,-2.6215615272521973,1.5311909914016724,0.7672995328903198,-1.2954610586166382,-2.2776386737823486,-2.618699789047241,-2.711430788040161
-,-,-,-,-,-,-,-,-,-
cat,1.7045366764068604,-0.7463218569755554,-1.930598497390747,-0.5331792235374451,-0.31955212354660034,-1.4035636186599731,-1.4995635747909546,-3.4724042415618896,-3.3067476749420166
adams,0.9775082468986511,-1.4596912860870361,-2.6215615272521973,1.5311909914016724,0.7672995328903198,-1.2954610586166382,-2.2776386737823486,-2.618699789047241,-2.711430788040161
-,-,-,-,-,-,-,-,-,-
adams,0.9775082468986511,-1.4596912860870361,-2.6215615272521973,1.5311909914016724,0.7672995328903198,-1.2954610586166382,-2.2776386737823486,-2.618699789047241,-2.711430788040161
,,3.8369550704956055,-3.068176031112671,-4.1850762367248535,-2.280357837677002,-2.6326205730438232,-3.1299870014190674,-2.8540947437286377,-3.2161638736724854,-3.5323967933654785
N.H.,1.7045366764068604,-0.7463218569755554,-1.930598497390747,-0.5331792235374451,-0.31955212354660034,-1.4035636186599731,-1.4995635747909546,-3.4724042415618896,-3.3067476749420166
,1.7045366764068604,-0.7463218569755554,-1.930598497390747,-0.5331792235374451,-0.31955212354660034,-1.4035636186599731,-1.4995635747909546,-3.4724042415618896,-3.3067476749420166
-,-,-,-,-,-,-,-,-,-
highway,1.7988101243972778,-1.3466463088989258,-0.5706451535224915,-3.163430690765381,-3.4355595111846924,-0.5937827229499817,-1.713255763053894,-2.3266489505767822,-1.9471755027770996
traffic,3.9475438594818115,-1.9792656898498535,-2.217221260070801,-5.0761590003967285,-5.348796844482422,-3.530872344970703,-0.6957657933235168,-4.365420818328857,-4.071665287017822
safety,1.455491542816162,-0.9111812710762024,-1.341120958328247,-1.739876627922058,-2.1469521522521973,-1.3433592319488525,-0.5489492416381836,-2.4813010692596436,-1.834052562713623
administration,1.8681681156158447,-1.1707634925842285,-2.057199001312256,-2.751375675201416,-3.937809467315674,-1.0511595010757446,-0.40315863490104675,-2.410097360610962,-2.3927366733551025
-,-,-,-,-,-,-,-,-,-
highway,1.7988101243972778,-1.3466463088989258,-0.5706451535224915,-3.163430690765381,-3.4355595111846924,-0.5937827229499817,-1.713255763053894,-2.3266489505767822,-1.9471755027770996
robbery,3.3976333141326904,-2.2090983390808105,-1.6094945669174194,-2.259514093399048,-2.936108350753784,-3.7655792236328125,-2.7943427562713623,-3.4634673595428467,-4.715496063232422
safety,1.455491542816162,-0.9111812710762024,-1.341120958328247,-1.739876627922058,-2.1469521522521973,-1.3433592319488525,-0.5489492416381836,-2.4813010692596436,-1.834052562713623
administration,1.8681681156158447,-1.1707634925842285,-2.057199001312256,-2.751375675201416,-3.937809467315674,-1.0511595010757446,-0.40315863490104675,-2.410097360610962,-2.3927366733551025
-,-,-,-,-,-,-,-,-,-
the,3.4333860874176025,-2.7299840450286865,-2.263749599456787,-3.1945409774780273,-4.063119411468506,-3.493544578552246,-2.888754367828369,-2.904276132583618,-2.9267563819885254
1991,1.531124234199524,-2.2911341190338135,0.7151695489883423,-2.667980670928955,-2.878469705581665,-0.28981253504753113,-3.275705575942993,-1.5128182172775269,-2.0608601570129395
gulf,0.8437631130218506,-1.5404925346374512,0.7885407209396362,-2.7630615234375,-2.677746295928955,0.8022895455360413,-1.5117501020431519,-1.8859504461288452,-1.3202345371246338
war,2.3746187686920166,-2.131204128265381,-1.2305270433425903,-4.664003849029541,-5.226965427398682,-0.6297142505645752,-1.9716004133224487,-1.5203237533569336,-1.9166823625564575
-,-,-,-,-,-,-,-,-,-
the,3.4333860874176025,-2.7299840450286865,-2.263749599456787,-3.1945409774780273,-4.063119411468506,-3.493544578552246,-2.888754367828369,-2.904276132583618,-2.9267563819885254
1991,1.531124234199524,-2.2911341190338135,0.7151695489883423,-2.667980670928955,-2.878469705581665,-0.28981253504753113,-3.275705575942993,-1.5128182172775269,-2.0608601570129395
gulf,0.8437631130218506,-1.5404925346374512,0.7885407209396362,-2.7630615234375,-2.677746295928955,0.8022895455360413,-1.5117501020431519,-1.8859504461288452,-1.3202345371246338
pillow,1.7045366764068604,-0.7463218569755554,-1.930598497390747,-0.5331792235374451,-0.31955212354660034,-1.4035636186599731,-1.4995635747909546,-3.4724042415618896,-3.3067476749420166
fight,1.755744457244873,-1.87424898147583,-1.494532585144043,-1.848844289779663,-2.7698891162872314,-0.6254517436027527,-2.3381900787353516,-2.122314929962158,-2.3370614051818848
-,-,-,-,-,-,-,-,-,-
the,3.4333860874176025,-2.7299840450286865,-2.263749599456787,-3.1945409774780273,-4.063119411468506,-3.493544578552246,-2.888754367828369,-2.904276132583618,-2.9267563819885254
1991,1.531124234199524,-2.2911341190338135,0.7151695489883423,-2.667980670928955,-2.878469705581665,-0.28981253504753113,-3.275705575942993,-1.5128182172775269,-2.0608601570129395
gulf,0.8437631130218506,-1.5404925346374512,0.7885407209396362,-2.7630615234375,-2.677746295928955,0.8022895455360413,-1.5117501020431519,-1.8859504461288452,-1.3202345371246338
dinosaur,1.7045366764068604,-0.7463218569755554,-1.930598497390747,-0.5331792235374451,-0.31955212354660034,-1.4035636186599731,-1.4995635747909546,-3.4724042415618896,-3.3067476749420166
-,-,-,-,-,-,-,-,-,-
the,3.4333860874176025,-2.7299840450286865,-2.263749599456787,-3.1945409774780273,-4.063119411468506,-3.493544578552246,-2.888754367828369,-2.904276132583618,-2.9267563819885254
gulf,0.8437631130218506,-1.5404925346374512,0.7885407209396362,-2.7630615234375,-2.677746295928955,0.8022895455360413,-1.5117501020431519,-1.8859504461288452,-1.3202345371246338
was,4.149809837341309,-3.0778682231903076,-1.8724684715270996,-1.250968337059021,-2.6141111850738525,-4.257827281951904,-4.480279445648193,-4.041998386383057,-6.596277713775635
near,2.2870266437530518,-0.7202490568161011,-0.22374525666236877,-4.734762191772461,-4.705569267272949,-1.654976487159729,-0.5955435037612915,-3.828740119934082,-1.6497602462768555
water,3.176600217819214,-0.5342153906822205,-2.917395830154419,-2.862278938293457,-3.4385550022125244,-2.8290300369262695,-1.4804089069366455,-4.483637809753418,-4.470611095428467
-,-,-,-,-,-,-,-,-,-
beijing,-0.3979550302028656,0.018152322620153427,-1.0104846954345703,-1.2015644311904907,-1.7513577938079834,3.270430088043213,0.10347045958042145,-3.0674545764923096,-0.12422562390565872
1996-08-31,1.7045366764068604,-0.7463218569755554,-1.930598497390747,-0.5331792235374451,-0.31955212354660034,-1.4035636186599731,-1.4995635747909546,-3.4724042415618896,-3.3067476749420166
-,-,-,-,-,-,-,-,-,-
gabababa,1.7045366764068604,-0.7463218569755554,-1.930598497390747,-0.5331792235374451,-0.31955212354660034,-1.4035636186599731,-1.4995635747909546,-3.4724042415618896,-3.3067476749420166
1996-08-31,1.7045366764068604,-0.7463218569755554,-1.930598497390747,-0.5331792235374451,-0.31955212354660034,-1.4035636186599731,-1.4995635747909546,-3.4724042415618896,-3.3067476749420166
-,-,-,-,-,-,-,-,-,-
,1.7045366764068604,-0.7463218569755554,-1.930598497390747,-0.5331792235374451,-0.31955212354660034,-1.4035636186599731,-1.4995635747909546,-3.4724042415618896,-3.3067476749420166
-,-,-,-,-,-,-,-,-,-
