the,6.347768783569336,-0.716209888458252,-1.5856125354766846,-2.8349833488464355,-3.063947916030884,-0.5749829411506653,-0.7585150599479675,-1.6925572156906128,-2.630021810531616
european,-1.4260571002960205,2.5110652446746826,4.290930271148682,-2.6153311729431152,-2.939344644546509,-0.23147931694984436,0.13308605551719666,0.7074570655822754,-0.3481230139732361
commission,1.6971955299377441,1.6518665552139282,-1.6948117017745972,-2.3001933097839355,-1.1813275814056396,-1.7546910047531128,3.3662757873535156,-1.4955452680587769,-0.7712836861610413
met,4.806529998779297,-0.5662145614624023,-1.9094599485397339,-2.4960012435913086,-1.4794577360153198,-1.6400715112686157,0.3845824897289276,-1.7174434661865234,-1.1934081315994263
today,5.040729522705078,0.8764244914054871,-2.7027628421783447,-0.4677946865558624,-1.5335580110549927,-0.75869220495224,-0.455471009016037,-1.7550675868988037,-1.7204710245132446
.,6.6050801277160645,-1.1951570510864258,-1.4279675483703613,-2.9965028762817383,-2.973863363265991,-1.642672061920166,-0.6658948063850403,-0.8335577249526978,-1.9275017976760864
-,-,-,-,-,-,-,-,-,-
european,-1.058138370513916,3.5651590824127197,4.068460464477539,-1.8283257484436035,-2.9653892517089844,-0.1619167923927307,-0.8889766931533813,0.38819509744644165,-0.9805596470832825
fashion,4.247253894805908,-1.190949559211731,-1.8133224248886108,-1.6927369832992554,-1.1131621599197388,-2.894608736038208,1.5522030591964722,-0.41863319277763367,-1.2368288040161133
is,6.261895656585693,-0.23734280467033386,-2.215212345123291,-2.248398780822754,-2.430415630340576,-1.2302409410476685,-0.5140097737312317,-0.7793172597885132,-2.546882390975952
very,5.45561408996582,-0.3243355453014374,-2.4961047172546387,-1.598948359489441,-1.6213196516036987,-2.2952587604522705,0.20638737082481384,-1.9409091472625732,-1.7572277784347534
different,4.334995269775391,0.8255942463874817,-1.618857741355896,-0.2096259593963623,-1.2096768617630005,0.2834005057811737,0.11223629862070084,-1.9406101703643799,-1.6736966371536255
.,6.597805023193359,-1.4910444021224976,-1.5183173418045044,-2.9429824352264404,-2.632591962814331,-1.8386261463165283,-0.5845196843147278,-0.8455132246017456,-1.9865707159042358
-,-,-,-,-,-,-,-,-,-
bill,1.1073460578918457,0.9428785443305969,-1.0262644290924072,2.8469417095184326,-1.184274435043335,0.14099723100662231,-1.5461840629577637,-3.92291259765625,-2.752761125564575
gates,3.6127381324768066,-0.06330803036689758,-0.5207335948944092,-0.8513402342796326,-1.246803641319275,-1.5453749895095825,-1.5511966943740845,-0.33585360646247864,-2.267585277557373
founded,4.921735763549805,-0.37753552198410034,-1.7523611783981323,-1.327734112739563,-0.7336628437042236,-1.256580114364624,0.20215538144111633,-0.9626783132553101,-1.5486688613891602
microsoft,2.2593696117401123,1.3097450733184814,-1.8824869394302368,-0.8091630339622498,-2.456835985183716,0.5052816271781921,0.9197907447814941,-2.332623243331909,-1.7978485822677612
.,6.67982292175293,-1.1878304481506348,-1.1485967636108398,-2.8095173835754395,-2.8752167224884033,-2.0025441646575928,-0.72276371717453,-0.8723424077033997,-2.2254369258880615
-,-,-,-,-,-,-,-,-,-
the,6.204488277435303,-0.3172208368778229,-1.0243972539901733,-2.2033722400665283,-3.514721393585205,-0.5286091566085815,-0.9825977683067322,-1.9151077270507812,-2.780010223388672
gates,3.2046008110046387,0.1825929880142212,-0.38100942969322205,-0.5116428136825562,-1.0680519342422485,-1.664157748222351,-1.5489166975021362,-0.46926721930503845,-2.4013073444366455
were,6.423669338226318,-1.2049508094787598,-1.6418025493621826,-2.605471134185791,-2.1333751678466797,-1.6589616537094116,0.18781778216362,-1.5052419900894165,-2.164769411087036
closed,5.454925537109375,-0.6243912577629089,-1.3766672611236572,-1.615360975265503,-2.5434865951538086,-1.7529250383377075,-0.5977299213409424,-1.6277645826339722,-3.4193758964538574
.,6.693514823913574,-1.1957160234451294,-1.2416244745254517,-2.885824680328369,-2.9352004528045654,-1.9433958530426025,-0.716640293598175,-0.8372492790222168,-2.1181042194366455
-,-,-,-,-,-,-,-,-,-
the,6.209324836730957,-0.39269697666168213,-1.142182469367981,-1.7422676086425781,-2.980940103530884,-1.070967435836792,-0.7978850603103638,-2.173245906829834,-3.2901742458343506
gates,3.153764247894287,0.19822955131530762,-0.7511840462684631,0.028574250638484955,-0.39223867654800415,-2.2124242782592773,-1.4743930101394653,-1.0180761814117432,-2.833481788635254
foundation,1.4126719236373901,1.5334287881851196,-0.610224723815918,-0.2463986873626709,-0.2383657991886139,-0.15177872776985168,0.07403460890054703,-1.8942830562591553,-1.2124361991882324
does,4.648441791534424,-1.1526503562927246,-2.09712815284729,-1.5900107622146606,-1.7780946493148804,-1.377447485923767,-0.526589035987854,-0.7339135408401489,-2.71628737449646
things,5.555599212646484,-0.6787511706352234,-1.696305274963379,-2.2506017684936523,-2.116936445236206,-2.1715140342712402,-0.2588203251361847,-1.892554521560669,-2.5177621841430664
in,6.761577606201172,-1.209486722946167,-1.641130805015564,-2.669828176498413,-2.531203031539917,-1.7761192321777344,-0.5089002847671509,-1.3100966215133667,-2.1071739196777344
africa,0.512825071811676,0.7417741417884827,-0.9585623741149902,-0.8725653290748596,-1.5169469118118286,0.7806024551391602,0.10125211626291275,-0.755268931388855,3.5022218227386475
.,6.658123970031738,-1.5512127876281738,-1.3214565515518188,-3.0562658309936523,-2.5472447872161865,-1.6135444641113281,-1.0650736093521118,-0.7630303502082825,-1.757429838180542
-,-,-,-,-,-,-,-,-,-
george,1.2392282485961914,1.6577900648117065,-0.9920715093612671,0.8329612612724304,-1.3109403848648071,0.10456889122724533,-1.3557685613632202,-0.7082729339599609,-3.1110799312591553
washington,0.6351602077484131,0.03098345920443535,-1.334810733795166,0.4834264814853668,0.14794230461120605,2.658142328262329,0.3262903392314911,-2.333664894104004,0.12541288137435913
crossed,4.918115615844727,0.009743090718984604,-3.067477226257324,-2.060234785079956,-1.1308060884475708,-1.4805625677108765,0.1179560199379921,-0.4544803500175476,-1.825459599494934
the,6.681998252868652,-0.7328307628631592,-1.3375046253204346,-3.0264711380004883,-2.788858652114868,-1.3335977792739868,-0.371899276971817,-1.3359012603759766,-2.566520929336548
river,3.4702227115631104,-0.7563672065734863,-0.7765271663665771,-0.9018017649650574,-1.0459836721420288,-1.0664145946502686,-1.8164793252944946,-1.3923588991165161,-2.3307039737701416
.,6.629101753234863,-1.339913249015808,-1.4029773473739624,-2.992170810699463,-2.9396562576293945,-1.6920397281646729,-0.6130942106246948,-0.9767491817474365,-2.076525926589966
-,-,-,-,-,-,-,-,-,-
john,-1.2101408243179321,0.7798337340354919,-0.7063853144645691,2.6613245010375977,-0.4759262800216675,1.632203221321106,-1.1587135791778564,-1.87322998046875,-1.7955713272094727
washington,0.7001454830169678,-0.0004483945667743683,-1.1556860208511353,-0.05187463015317917,-0.34508049488067627,2.892110824584961,0.24888470768928528,-1.993769645690918,0.5102412104606628
is,6.293703079223633,-0.3853585422039032,-2.093395471572876,-2.2260708808898926,-2.114938259124756,-1.416796088218689,-0.4826106131076813,-0.5431633591651917,-2.708136796951294
a,6.75346565246582,-1.5850815773010254,-1.885924220085144,-2.584294319152832,-2.571699380874634,-1.5314644575119019,-0.5817608833312988,-1.0104894638061523,-2.236713171005249
man,5.6125946044921875,0.03628527745604515,-2.190286874771118,-0.8973372578620911,-1.5082788467407227,-0.47383809089660645,-0.5919142365455627,-1.4485341310501099,-2.0916311740875244
.,6.679988861083984,-1.366906762123108,-1.3198704719543457,-2.9718329906463623,-2.877134323120117,-1.4471513032913208,-0.8608207702636719,-0.7005035877227783,-1.9052797555923462
-,-,-,-,-,-,-,-,-,-
washington,0.44420111179351807,1.3167434930801392,-1.0609135627746582,1.6012853384017944,-1.0705622434616089,4.300483703613281,-0.851290225982666,-2.9586358070373535,-0.3722093105316162
state,4.686481475830078,-0.19089391827583313,-3.066819667816162,-2.233788013458252,-1.9878712892532349,-0.2842820882797241,1.270604133605957,-1.6085491180419922,-0.3988073170185089
is,6.4636969566345215,-0.5737243294715881,-2.1242823600769043,-2.4689579010009766,-2.173346757888794,-1.4775432348251343,-0.6904454231262207,-0.6366350650787354,-2.5650289058685303
large,6.020166397094727,-0.5653381943702698,-2.020447015762329,-1.4644750356674194,-2.1452860832214355,-1.642084002494812,-0.6937838196754456,-1.593602180480957,-3.4946935176849365
.,6.674267292022705,-1.1986008882522583,-1.2614288330078125,-2.887798309326172,-2.8424956798553467,-2.051560640335083,-0.7408087253570557,-0.6723344326019287,-2.2273972034454346
-,-,-,-,-,-,-,-,-,-
the,6.280072212219238,-0.23669695854187012,-1.223608136177063,-2.3884551525115967,-3.4469361305236816,-0.6303089261054993,-0.8372374176979065,-1.933677077293396,-2.739586114883423
united,0.8296677470207214,2.2227365970611572,-1.1284379959106445,-1.3140243291854858,-1.493511438369751,3.2813539505004883,1.2679849863052368,-2.2463157176971436,-1.2074400186538696
nations,1.2057864665985107,0.7230792045593262,-1.828485131263733,-1.9131022691726685,-1.5346699953079224,-2.456538677215576,2.5206449031829834,0.7812142372131348,-0.9631142616271973
convened,3.9391415119171143,0.15108802914619446,-0.5970581769943237,-0.6429489254951477,-1.8629815578460693,-1.6840108633041382,0.3956824541091919,-2.2244982719421387,-3.4985344409942627
.,6.701088905334473,-1.2826673984527588,-1.146904468536377,-2.7138500213623047,-2.812103509902954,-1.9965440034866333,-0.8429568409919739,-0.7636497020721436,-2.297985792160034
-,-,-,-,-,-,-,-,-,-
manchester,1.668328046798706,1.8920338153839111,-1.055747628211975,0.6088845729827881,-1.5571188926696777,1.602591633796692,-1.2571150064468384,-2.906855821609497,-2.837857246398926
united,0.6711924076080322,2.294623374938965,-1.0080933570861816,-1.151799201965332,-1.3846662044525146,3.3034751415252686,1.2803174257278442,-2.270024299621582,-1.1998990774154663
won,6.452495574951172,-1.855323076248169,-2.1243948936462402,-2.2771410942077637,-1.9281691312789917,-1.6503149271011353,0.0373973622918129,-1.3693902492523193,-3.0945074558258057
the,6.604308128356934,-0.8360022902488708,-1.4087125062942505,-3.0606393814086914,-2.506565809249878,-1.4450668096542358,-0.38687101006507874,-1.2088602781295776,-2.514202833175659
match,6.100933074951172,-0.4963829815387726,-2.4538707733154297,-2.248037338256836,-2.0250470638275146,-1.4214390516281128,-0.8820889592170715,-1.7512273788452148,-2.3630576133728027
.,6.714381694793701,-1.357226848602295,-1.353009581565857,-2.9862539768218994,-2.877291440963745,-1.7676533460617065,-0.687502384185791,-0.8727788925170898,-1.9951077699661255
-,-,-,-,-,-,-,-,-,-
the,6.365096092224121,-0.4611213505268097,-1.313472867012024,-2.464276075363159,-3.3108527660369873,-0.7542648315429688,-0.7917876243591309,-1.9083774089813232,-2.7882564067840576
united,0.7761169075965881,2.2048473358154297,-0.9985038042068481,-1.2519031763076782,-1.5128940343856812,3.4362149238586426,1.1319516897201538,-2.2001419067382812,-1.041426420211792
front,2.3957767486572266,0.4226103723049164,-1.8603535890579224,-1.9581090211868286,-1.9551615715026855,0.4545142650604248,1.695841908454895,-2.1016597747802734,-1.9201315641403198
collapsed,4.305731773376465,1.4848747253417969,-1.477159023284912,-2.7999086380004883,-2.3087685108184814,-0.4645327627658844,0.5678895711898804,-0.6091351509094238,-2.763465642929077
.,6.656454563140869,-1.0707321166992188,-1.1911700963974,-3.002455472946167,-3.015037775039673,-1.8727964162826538,-0.5842901468276978,-0.8166284561157227,-2.1694672107696533
-,-,-,-,-,-,-,-,-,-
new,3.011293411254883,1.0389409065246582,-0.7894243001937866,-1.1438699960708618,-2.9748876094818115,3.0787062644958496,-1.2264872789382935,-1.9883370399475098,-1.4700185060501099
york,-0.03372211754322052,-1.0662299394607544,-0.09985431283712387,-2.272517204284668,-1.6166917085647583,-1.0738003253936768,1.9540650844573975,0.3471180498600006,3.835256814956665
city,2.57914400100708,-0.6223347783088684,-2.0139873027801514,-2.5350184440612793,-1.203864336013794,-0.8700048327445984,1.4814425706863403,-1.9933648109436035,1.96933114528656
is,6.3627824783325195,-0.06785848736763,-2.1542553901672363,-1.9097260236740112,-2.4483072757720947,-1.3649449348449707,-0.7260574102401733,-0.8624838590621948,-3.145764112472534
busy,2.97564435005188,-0.4927642047405243,-1.7066973447799683,0.44081583619117737,-1.0295828580856323,-1.590735912322998,-1.6015900373458862,-0.957514226436615,-2.351735830307007
at,6.466599464416504,-1.325647234916687,-1.2210619449615479,-1.7641209363937378,-2.732640504837036,-1.760407567024231,-1.123146891593933,-0.5681089162826538,-2.076244354248047
night,5.865562915802002,-0.7385434508323669,-2.8752355575561523,-1.6638199090957642,-2.149177312850952,-1.3675094842910767,-0.6972085237503052,-0.726378321647644,-3.101351737976074
.,6.7652812004089355,-1.617463231086731,-1.2847329378128052,-3.002084970474243,-2.530590057373047,-1.6027376651763916,-1.0228512287139893,-0.8277678489685059,-1.9008136987686157
-,-,-,-,-,-,-,-,-,-
the,6.248691082000732,-0.4736248552799225,-1.0531009435653687,-2.2241005897521973,-3.2431368827819824,-0.6603179574012756,-0.9292907118797302,-1.8316545486450195,-2.7292308807373047
new,3.083606243133545,0.5949344635009766,-0.8037586808204651,-2.4511256217956543,-2.866053342819214,2.511445999145508,-0.6894415020942688,-1.2320431470870972,-1.2318059206008911
city,2.6621973514556885,-0.516959547996521,-1.994385838508606,-2.6502225399017334,-1.3813220262527466,-0.8779963254928589,1.5125499963760376,-2.016136407852173,2.0178864002227783
is,6.411642074584961,-0.024473611265420914,-2.1134033203125,-1.9997812509536743,-2.5582029819488525,-1.3661611080169678,-0.7349771857261658,-0.9205061197280884,-3.106882333755493
busy,3.309762716293335,-0.5933894515037537,-1.805428147315979,0.21230337023735046,-1.1681493520736694,-1.6201653480529785,-1.5448921918869019,-0.704272985458374,-2.3479952812194824
at,6.534544944763184,-1.261764407157898,-1.3822799921035767,-1.8958622217178345,-2.8235878944396973,-1.7771834135055542,-1.022838830947876,-0.6343861818313599,-2.071058511734009
night,5.909727096557617,-0.7847792506217957,-2.817939281463623,-1.688283920288086,-2.115577459335327,-1.427446722984314,-0.6607021689414978,-0.6788632273674011,-2.9522664546966553
.,6.707356929779053,-1.6806708574295044,-1.2502810955047607,-3.038780927658081,-2.5291860103607178,-1.6447674036026,-1.0677239894866943,-0.720704197883606,-1.868942379951477
-,-,-,-,-,-,-,-,-,-
the,6.234566688537598,-0.3273122310638428,-0.9658487439155579,-2.215701103210449,-3.2497072219848633,-0.6299663186073303,-1.1790448427200317,-1.8823574781417847,-2.651350259780884
city,2.3829219341278076,-0.6643953919410706,-1.9017568826675415,-2.1762855052948,-2.0965757369995117,0.4170383810997009,0.6676474809646606,-2.0618765354156494,1.8723331689834595
is,6.563338756561279,-0.41990336775779724,-2.270956039428711,-2.1793689727783203,-2.08461332321167,-1.6653751134872437,-0.7661973237991333,-0.9449824690818787,-2.855830192565918
busy,4.105044841766357,-0.6351981163024902,-1.486153483390808,-0.03349348157644272,-1.9219268560409546,-1.4237291812896729,-1.5673682689666748,-0.9725908637046814,-2.292358160018921
at,6.589832305908203,-1.4115405082702637,-1.3045392036437988,-2.2534339427948,-2.76472544670105,-1.771666169166565,-0.823932409286499,-0.5168994665145874,-2.109832286834717
night,5.511031150817871,-0.1952064335346222,-3.158416271209717,-1.7624858617782593,-2.049136161804199,-1.3128244876861572,-0.027225755155086517,-0.698907196521759,-3.0210323333740234
.,6.83262825012207,-1.5150604248046875,-1.3286560773849487,-2.6128597259521484,-2.7693746089935303,-1.6098562479019165,-1.1129130125045776,-0.9627366065979004,-2.2497823238372803
-,-,-,-,-,-,-,-,-,-
the,6.218264579772949,-0.5779158473014832,-1.2095080614089966,-2.272677421569824,-3.257664442062378,-0.4619673192501068,-1.0147143602371216,-1.759969711303711,-2.7277934551239014
new,2.8236732482910156,0.9173929691314697,-0.8377339243888855,-2.2614641189575195,-2.5543534755706787,1.8466013669967651,-0.1527262032032013,-1.4298185110092163,-1.4635311365127563
policy,5.068032264709473,-0.6619115471839905,-1.4869388341903687,-1.5573097467422485,-1.5047930479049683,-1.7370697259902954,-0.38755860924720764,-1.2117736339569092,-2.7009639739990234
was,6.5679192543029785,-0.4650244414806366,-2.345937967300415,-2.2850542068481445,-2.641714096069336,-1.893295407295227,0.2908608019351959,-1.565892219543457,-2.6871907711029053
implemented,5.723756790161133,-0.08938753604888916,-1.6527025699615479,-1.727506160736084,-1.4246147871017456,-1.701237678527832,0.8935749530792236,-1.6403982639312744,-2.1394052505493164
.,6.676303863525391,-1.3659100532531738,-1.4358196258544922,-2.981322765350342,-2.7554779052734375,-1.7821080684661865,-0.7623025178909302,-0.8070740699768066,-1.9602720737457275
-,-,-,-,-,-,-,-,-,-
pacific,-0.057883068919181824,3.766002893447876,0.7703647613525391,0.22285178303718567,-2.37505841255188,3.633692979812622,-0.9700281620025635,-1.7054662704467773,-2.351640462875366
ocean,1.1841049194335938,0.5708457827568054,-0.9844748973846436,-1.9310582876205444,-1.0629773139953613,0.2251507043838501,1.9682644605636597,-0.2564849257469177,1.10600745677948
temperatures,5.070707321166992,0.6262887120246887,-1.806130290031433,-0.731482744216919,-1.24553644657135,-0.6835816502571106,0.5229073166847229,-1.0787794589996338,-2.341909170150757
rose,4.323294639587402,-0.2573986053466797,-0.9910726547241211,-0.6373986005783081,-0.5698378086090088,-1.8719247579574585,0.7564215660095215,-0.5589269399642944,-1.2865004539489746
.,6.64048957824707,-1.1591827869415283,-1.18532395362854,-2.733920097351074,-2.871715784072876,-1.8863433599472046,-0.7136130928993225,-0.7355712056159973,-2.3944859504699707
-,-,-,-,-,-,-,-,-,-
pacific,-0.004359088838100433,3.238224983215332,0.8971508741378784,0.6696959137916565,-1.4436309337615967,2.8373918533325195,-1.0850688219070435,-2.1086201667785645,-2.397226333618164
trading,3.408644437789917,0.46852099895477295,-1.193293809890747,-2.091057300567627,-1.7527844905853271,-0.020768947899341583,-1.2505236864089966,1.4898409843444824,-2.4838716983795166
company,5.534297943115234,-0.11195036768913269,-1.9645370244979858,-0.8450693488121033,-2.3516058921813965,-1.5439993143081665,-0.7481580972671509,-1.7148804664611816,-2.875419855117798
does,4.402341365814209,-0.9186785817146301,-2.0295586585998535,-1.4179714918136597,-1.734999656677246,-2.063430070877075,-0.3888795077800751,-0.3766406774520874,-2.454408884048462
business,4.400213241577148,-1.4483728408813477,-0.3441682755947113,-1.551328420639038,-1.9490998983383179,-2.005570411682129,-0.5958623886108398,-0.8746377229690552,-3.404893398284912
.,6.6457200050354,-1.4453425407409668,-1.3068336248397827,-2.9662723541259766,-2.7778756618499756,-1.7186020612716675,-0.602851152420044,-0.6807123422622681,-2.02992844581604
-,-,-,-,-,-,-,-,-,-
his,6.358238220214844,-0.3333887755870819,-2.2048702239990234,-0.8850876688957214,-3.04390549659729,-0.22859424352645874,-0.6615906953811646,-1.4798119068145752,-2.0129520893096924
mood,2.9619863033294678,0.7405882477760315,-1.4401246309280396,0.2012011706829071,-1.4915913343429565,-1.970923662185669,-0.06774001568555832,-2.681046962738037,-0.08217322826385498
was,6.23504638671875,-0.2926742136478424,-2.773409605026245,-2.2003393173217773,-2.347853660583496,-1.9259616136550903,0.5752553343772888,-1.7978705167770386,-2.405802011489868
pacific,2.066985607147217,2.47503399848938,-0.48262855410575867,-0.3102707862854004,-1.1019078493118286,1.698140025138855,-0.10898245126008987,-1.9113963842391968,-2.8117170333862305
.,6.745809555053711,-1.4093341827392578,-1.156606912612915,-2.666872024536133,-2.6984803676605225,-2.202731132507324,-0.607845664024353,-0.6807386875152588,-2.2805323600769043
-,-,-,-,-,-,-,-,-,-
jordan,0.30364102125167847,2.3378243446350098,-0.4658133089542389,0.7432054877281189,-2.32778000831604,5.4149580001831055,-1.2203118801116943,-2.2635436058044434,-1.6436396837234497
scored,4.832776069641113,-1.4743149280548096,-2.0120511054992676,-1.796213984489441,-1.056172251701355,-3.29049015045166,0.38182398676872253,-1.5872502326965332,-2.0378663539886475
thirty,5.705981254577637,-0.7796284556388855,-1.666628360748291,-2.0183019638061523,-1.3303929567337036,-1.7826123237609863,0.2498021423816681,-1.22930908203125,-2.9667892456054688
points,6.333930969238281,-0.2869137227535248,-3.180832862854004,-1.4397143125534058,-1.4293791055679321,-2.2013983726501465,-0.6976340413093567,-0.732446551322937,-2.0053229331970215
.,6.624161720275879,-1.1899080276489258,-1.405232548713684,-2.5936739444732666,-2.4370105266571045,-2.1352438926696777,-0.7081024050712585,-0.9435853958129883,-2.196977376937866
-,-,-,-,-,-,-,-,-,-
michael,0.37553906440734863,1.1240309476852417,0.9950861930847168,4.408895015716553,-0.12435842305421829,-0.677859902381897,-2.8324713706970215,-2.480001449584961,-1.7514327764511108
jordan,0.5197061896324158,0.9777976870536804,-1.8014626502990723,0.6341275572776794,-0.802320122718811,5.040191650390625,-0.7416227459907532,-1.9578434228897095,-1.9163122177124023
scored,4.7601494789123535,-0.8493707776069641,-1.6415022611618042,-2.0116329193115234,-1.4273806810379028,-3.354200839996338,0.8104569911956787,-1.72648024559021,-1.9739488363265991
thirty,5.6155877113342285,-0.3920937776565552,-1.8920990228652954,-1.739702820777893,-1.8115251064300537,-1.5289441347122192,0.21106848120689392,-1.3372504711151123,-3.224874496459961
points,6.505318641662598,-0.4787138104438782,-3.0854880809783936,-2.077285051345825,-1.7070136070251465,-1.9908074140548706,-0.5247800350189209,-0.44257020950317383,-1.9305258989334106
.,6.658095359802246,-1.2179945707321167,-1.5060914754867554,-2.767141580581665,-2.776912212371826,-1.533465027809143,-0.8062491416931152,-0.7879378795623779,-2.037259578704834
-,-,-,-,-,-,-,-,-,-
the,6.15225887298584,-0.4068375825881958,-1.3500410318374634,-2.492020606994629,-3.064526319503784,-0.5630937218666077,-0.5931980609893799,-1.956533670425415,-2.7173779010772705
jordan,0.29893046617507935,1.541062831878662,-1.1174558401107788,-0.25068989396095276,-1.7646597623825073,5.158501148223877,-0.05945529788732529,-1.8994040489196777,-1.344739317893982
river,2.636268377304077,0.05307057127356529,-0.9086923599243164,-0.8561157584190369,-0.7087079286575317,-0.6107787489891052,-1.4201799631118774,-1.3088375329971313,-1.5304335355758667
flooded,4.823490142822266,0.33728259801864624,-0.7885340452194214,-1.5225869417190552,-2.239654064178467,-1.1554181575775146,-0.1796601116657257,-1.9464099407196045,-3.1547727584838867
.,6.583304405212402,-1.2614918947219849,-1.1630773544311523,-2.7991786003112793,-2.9198148250579834,-1.9451123476028442,-0.7571597695350647,-0.9101274013519287,-2.0917012691497803
-,-,-,-,-,-,-,-,-,-
jordan,0.5239478945732117,2.4163036346435547,-0.5699660778045654,0.7692276835441589,-2.548306941986084,5.016036510467529,-1.0204018354415894,-2.515730857849121,-1.8792990446090698
jensen,3.7829456329345703,0.568031907081604,-1.7442148923873901,-0.5809928774833679,-0.8974504470825195,-0.7822359204292297,0.10862436145544052,-3.1171875,-0.42668625712394714
is,6.149835109710693,-0.3000688850879669,-2.2628936767578125,-2.090480327606201,-1.9953770637512207,-1.195518970489502,-0.6558061242103577,-0.48964497447013855,-2.5755512714385986
a,6.746669292449951,-1.604900598526001,-1.897202491760254,-2.6152796745300293,-2.631697416305542,-1.503455638885498,-0.6078302264213562,-1.038512110710144,-2.2677881717681885
person,3.9653284549713135,0.3835808038711548,-0.6681643724441528,-0.5755221843719482,-1.6306535005569458,-0.7379031777381897,-1.8052634000778198,-2.552213668823242,-2.949923276901245
.,6.754855155944824,-1.540252685546875,-1.3983137607574463,-2.7920994758605957,-2.534166097640991,-1.544639229774475,-0.7326264381408691,-0.885621190071106,-1.9158306121826172
-,-,-,-,-,-,-,-,-,-
goldman,-0.12418732047080994,1.5737699270248413,1.9528883695602417,0.5242894291877747,-1.497566819190979,3.234501361846924,-1.401456594467163,-1.3422539234161377,-0.7340254187583923
sachs,3.9893200397491455,-0.2029085010290146,-0.8313983678817749,-2.544473648071289,-2.169863700866699,-1.1083730459213257,0.10165152698755264,-2.2262632846832275,-3.3850619792938232
reported,5.925345420837402,-1.2450062036514282,-0.7100464105606079,-1.5502647161483765,-2.04756760597229,-1.9816389083862305,-0.0803283080458641,-2.1184864044189453,-2.7051713466644287
earnings,5.667148113250732,-0.0927482545375824,-1.8306673765182495,-1.2158565521240234,-1.6937743425369263,-1.6848704814910889,0.47684356570243835,-0.9792817234992981,-2.4483377933502197
.,6.649294853210449,-1.3294785022735596,-1.1371703147888184,-2.8962929248809814,-2.8249542713165283,-1.8246184587478638,-0.7891275882720947,-0.9944533705711365,-2.060255289077759
-,-,-,-,-,-,-,-,-,-
goldman,-0.479855477809906,1.6204813718795776,2.284602642059326,1.1151041984558105,-1.614963173866272,3.232713460922241,-1.7159764766693115,-1.3614596128463745,-0.730566680431366
is,6.230808734893799,-0.4994477331638336,-1.6657413244247437,-2.3327064514160156,-2.5387752056121826,-1.0786082744598389,-0.847553014755249,-0.49942466616630554,-2.5469274520874023
a,6.569231033325195,-1.6143534183502197,-1.9074950218200684,-2.635347604751587,-2.4071826934814453,-1.3109166622161865,-0.6754111051559448,-0.7720189094543457,-2.2033774852752686
lawyer,6.3517985343933105,-0.44930270314216614,-2.035590410232544,-1.8830268383026123,-2.251210927963257,-2.068493604660034,-0.14356520771980286,-0.9870247840881348,-1.9185519218444824
.,6.529278755187988,-1.4111523628234863,-1.2082008123397827,-3.0586748123168945,-2.5922086238861084,-1.954779028892517,-0.7690920829772949,-0.5380025506019592,-2.0868892669677734
-,-,-,-,-,-,-,-,-,-
the,6.072070121765137,-0.21953387558460236,-0.9922008514404297,-2.1504244804382324,-3.5880212783813477,0.2739580273628235,-1.5087631940841675,-1.7875490188598633,-2.558574914932251
times,2.3017265796661377,-1.100400447845459,-1.0922441482543945,-1.1886510848999023,-0.9432724714279175,-2.4739327430725098,1.2522112131118774,-0.4670226573944092,-1.5338917970657349
published,6.1178059577941895,-1.18730890750885,-1.4102917909622192,-3.072230577468872,-1.406575083732605,-1.7686675786972046,1.2428854703903198,-0.9468738436698914,-1.9413217306137085
a,6.7751336097717285,-1.2926161289215088,-1.986925482749939,-2.352325916290283,-2.7664265632629395,-1.4851924180984497,-0.6583454012870789,-1.3857910633087158,-2.401090621948242
story,5.288671016693115,0.29361692070961,-2.487539768218994,-2.2620949745178223,-1.6557351350784302,-1.3854975700378418,-0.02109196037054062,-1.0004229545593262,-3.1069142818450928
.,6.671865463256836,-1.2776252031326294,-1.4361056089401245,-2.6944432258605957,-2.7903053760528564,-1.770538330078125,-0.7378169298171997,-0.9897873997688293,-2.1825170516967773
-,-,-,-,-,-,-,-,-,-
the,6.025243759155273,-0.3254005014896393,-1.0006885528564453,-2.0651485919952393,-3.4280951023101807,-0.013098306953907013,-1.18122136592865,-1.7592103481292725,-2.6534817218780518
new,2.859827756881714,0.3262081444263458,-0.7457009553909302,-2.6152701377868652,-2.217074394226074,1.745221495628357,-0.29202011227607727,-1.2952065467834473,-1.1980632543563843
york,-1.1378517150878906,-0.42360547184944153,0.03352925926446915,-2.1708221435546875,-0.824599027633667,-1.2675020694732666,2.805363655090332,0.5016375184059143,3.9623539447784424
times,2.434422254562378,-0.03463837876915932,-1.2303470373153687,-0.4406379163265228,-1.1585383415222168,-2.7016525268554688,1.3717979192733765,-1.1801033020019531,-1.917100191116333
published,5.948231220245361,-1.2712070941925049,-1.2989925146102905,-3.1033525466918945,-1.5395493507385254,-1.972548484802246,1.0858259201049805,-0.5815082788467407,-2.221492052078247
a,6.629142761230469,-1.5979424715042114,-2.0369110107421875,-2.366954803466797,-2.6277143955230713,-1.3606783151626587,-0.896974503993988,-0.7750358581542969,-2.3435981273651123
story,5.949460506439209,0.024321164935827255,-2.3501365184783936,-1.8974528312683105,-1.9447526931762695,-1.1592941284179688,-0.7141991853713989,-1.401686191558838,-3.546637773513794
.,6.738412857055664,-1.7518374919891357,-1.316876769065857,-2.845111846923828,-2.3633861541748047,-1.9362636804580688,-1.0466047525405884,-0.7076785564422607,-1.982730746269226
-,-,-,-,-,-,-,-,-,-
johnny,2.935995101928711,1.073075771331787,-1.8440150022506714,1.640636920928955,-1.7564984560012817,-0.31263601779937744,-1.2996221780776978,-1.2343270778656006,-4.056293964385986
times,2.0158233642578125,-0.17015036940574646,-1.349702000617981,-0.8348295092582703,-0.9323228001594543,-2.4266252517700195,1.6154029369354248,-0.9314141273498535,-1.8323472738265991
had,6.1475725173950195,-1.0221354961395264,-1.5391111373901367,-2.442294120788574,-1.5444878339767456,-1.5303438901901245,-0.04575648158788681,-2.1069610118865967,-1.6153451204299927
a,6.739600658416748,-1.5032976865768433,-2.016171455383301,-2.563915729522705,-2.510885238647461,-1.5533735752105713,-0.5457329154014587,-1.1599185466766357,-2.3063571453094482
strange,5.1115922927856445,-0.15346983075141907,-2.438101053237915,-2.126208782196045,-2.0096962451934814,-2.1658101081848145,0.6869540810585022,-1.9055562019348145,-2.570969820022583
last,5.749493598937988,-0.7191785573959351,-0.613861083984375,-1.9106887578964233,-2.3961923122406006,-2.0132269859313965,-0.8531692028045654,-0.7849479913711548,-3.607106924057007
name,5.572614669799805,-0.9888778328895569,-2.733095645904541,-1.5871855020523071,-1.3565473556518555,-1.57359778881073,-0.8644782900810242,-1.3942017555236816,-2.467008590698242
.,6.703346252441406,-1.6374754905700684,-1.3663582801818848,-2.899287700653076,-2.412785291671753,-1.756235957145691,-1.0953611135482788,-0.765884518623352,-1.912725806236267
-,-,-,-,-,-,-,-,-,-
times,3.860078811645508,-0.2800149619579315,-1.0317567586898804,-1.0129164457321167,-2.8709652423858643,-0.9952437281608582,0.22203370928764343,-1.1897073984146118,-1.9870809316635132
are,6.053073406219482,-1.2943356037139893,-1.552515983581543,-2.723531723022461,-2.6115775108337402,-1.4591867923736572,-1.4154466390609741,-1.3198065757751465,-2.6644742488861084
changing,2.9223670959472656,0.7318209409713745,-0.6876060962677002,-1.90575110912323,-1.3323440551757812,-2.182328939437866,0.783744752407074,-0.08013816177845001,-1.481966495513916
.,6.745326519012451,-1.0723876953125,-0.9886003732681274,-2.9107308387756348,-3.1344640254974365,-1.701273798942566,-0.6250052452087402,-1.0198605060577393,-2.080214738845825
-,-,-,-,-,-,-,-,-,-
victoria,1.6322760581970215,0.2590166926383972,0.3068799674510956,-0.05490048974752426,-1.101498007774353,-0.3082306385040283,-1.3286921977996826,-2.5361523628234863,-1.5927374362945557
station,4.140134811401367,-0.4372027814388275,-0.8332381844520569,-1.9313757419586182,-1.1930125951766968,-1.7283012866973877,0.2552168071269989,-1.9528107643127441,-2.0184848308563232
was,6.554226875305176,-0.9387988448143005,-2.2931647300720215,-2.765152931213379,-2.257734537124634,-2.057509660720825,0.08935389667749405,-1.3096660375595093,-2.14823317527771
busy,4.184395790100098,-0.6343865990638733,-1.4468079805374146,-0.2423119843006134,-2.112199544906616,-1.8320809602737427,-1.3285337686538696,-0.9691468477249146,-2.095262289047241
.,6.726740837097168,-1.181627869606018,-1.208632469177246,-2.9537599086761475,-2.9652860164642334,-1.8932690620422363,-0.4877986013889313,-0.8268200159072876,-2.1294615268707275
-,-,-,-,-,-,-,-,-,-
queen,2.5233819484710693,1.0289695262908936,0.38763847947120667,0.10164593905210495,-1.3913648128509521,0.24003958702087402,-0.35236504673957825,-2.931222915649414,-2.7772905826568604
victoria,1.9076091051101685,-0.9577839970588684,-0.7512036561965942,-1.641687035560608,-0.07883963733911514,-0.270903080701828,-0.4512922465801239,-0.9779044389724731,-0.40683507919311523
ruled,4.237760543823242,0.2695419490337372,-2.3537368774414062,-0.6091320514678955,-1.20054030418396,-1.570950984954834,0.6645965576171875,-2.5983924865722656,-2.2811849117279053
england,-0.41376227140426636,0.43122419714927673,1.4651011228561401,-2.0121378898620605,-2.92464280128479,5.469171524047852,-1.0781759023666382,0.0023052990436553955,-1.5975911617279053
.,6.705915451049805,-1.0197707414627075,-1.2906146049499512,-2.542937755584717,-2.9146976470947266,-1.8883329629898071,-0.9441528916358948,-1.0527160167694092,-2.3336942195892334
-,-,-,-,-,-,-,-,-,-
she,5.869142532348633,-0.3510855734348297,-1.0362855195999146,-1.8067359924316406,-3.0163180828094482,-0.5728309750556946,-1.5612175464630127,-0.9129209518432617,-1.9572169780731201
was,6.559144973754883,-1.0501646995544434,-2.2970120906829834,-2.717427968978882,-2.486574411392212,-1.4917913675308228,-0.2530496418476105,-1.2766095399856567,-2.3253519535064697
a,6.637141227722168,-1.6735742092132568,-1.8131211996078491,-2.995237350463867,-2.5394041538238525,-1.2910034656524658,-0.662063479423523,-0.8193745017051697,-1.9961210489273071
queen,3.9697225093841553,0.11936502158641815,-1.1325771808624268,-1.0022029876708984,-1.1888257265090942,-0.10702056437730789,0.07973877340555191,-2.8400495052337646,-2.5394692420959473
.,6.684686660766602,-1.4591184854507446,-1.1833724975585938,-3.048527717590332,-2.775059461593628,-1.8747459650039673,-0.6300408840179443,-0.5477569699287415,-1.9633134603500366
-,-,-,-,-,-,-,-,-,-
the,6.287347316741943,-0.37024858593940735,-1.2660561800003052,-2.022409200668335,-3.268728017807007,-0.4841579794883728,-0.9363391399383545,-1.9117027521133423,-2.706461191177368
marshall,2.5112719535827637,0.4111517071723938,-2.113316774368286,-0.4935024082660675,-0.12054876238107681,-0.26190972328186035,0.645395815372467,-1.5929574966430664,-0.4305409789085388
had,6.3986406326293945,-1.1699342727661133,-1.4759944677352905,-2.456027030944824,-1.6834465265274048,-1.578025460243225,-0.26817503571510315,-1.9365882873535156,-1.7592004537582397
a,6.750107765197754,-1.4008654356002808,-1.9315533638000488,-2.452822208404541,-2.517131805419922,-1.5013337135314941,-0.738431453704834,-1.2177159786224365,-2.4168899059295654
role,4.87708044052124,-0.9402094483375549,-1.5887151956558228,-0.6889201402664185,-1.1969767808914185,-2.2049262523651123,-0.5270370244979858,0.0653371512889862,-3.2085278034210205
.,6.714910507202148,-1.2898340225219727,-1.3545418977737427,-2.797361135482788,-2.755727529525757,-1.817501425743103,-0.7767030000686646,-1.0328314304351807,-2.1375112533569336
-,-,-,-,-,-,-,-,-,-
the,6.311241149902344,-0.5294449925422668,-1.3168041706085205,-2.5294110774993896,-3.3042094707489014,-0.26891231536865234,-0.9744584560394287,-1.7170662879943848,-2.4663782119750977
marshall,2.7812538146972656,0.026136290282011032,-1.9746819734573364,-0.9997966885566711,-0.4385196268558502,-0.03892082720994949,0.4420638978481293,-1.2759432792663574,-0.13679201900959015
plan,5.04093074798584,-1.275154948234558,-1.125495195388794,-3.4191370010375977,-2.3913798332214355,-1.253304123878479,0.711031436920166,-0.3645610809326172,-1.9023030996322632
aided,3.976562738418579,0.21711954474449158,-0.9569810628890991,-0.6760188937187195,-0.9750885963439941,-0.4410449266433716,0.8997494578361511,-0.8303563594818115,-1.2384840250015259
recovery,5.15145206451416,-0.5818447470664978,-0.46764272451400757,-2.299252510070801,-2.0302608013153076,-2.1395678520202637,-0.28674760460853577,0.17992240190505981,-1.8643920421600342
.,6.598243713378906,-1.110804557800293,-1.443229079246521,-2.8887076377868652,-2.9168918132781982,-1.7661958932876587,-0.6332659721374512,-0.9801887273788452,-2.117399215698242
-,-,-,-,-,-,-,-,-,-
john,-1.5627092123031616,0.23335596919059753,-0.9026726484298706,4.271783351898193,1.0088465213775635,1.2407267093658447,-1.6881294250488281,-2.3161420822143555,-1.9339866638183594
marshall,2.2063345909118652,-0.08972315490245819,-2.0889711380004883,-0.47965890169143677,0.7960971593856812,-0.6144984364509583,0.6894126534461975,-1.508617639541626,0.10649274289608002
lead,5.532245635986328,-0.8343194127082825,-1.2866212129592896,-1.8518625497817993,-1.0224179029464722,-2.473719358444214,-1.4764658212661743,-0.7027537226676941,-2.176652669906616
something,4.757744312286377,-0.6961652636528015,-2.06689453125,-0.2680254280567169,0.5094794034957886,-2.3980839252471924,-1.3816698789596558,-2.0052127838134766,-3.4258155822753906
.,6.697080612182617,-1.444584846496582,-1.529526948928833,-2.1772444248199463,-2.1777892112731934,-2.3738582134246826,-0.7647208571434021,-1.498661994934082,-2.570664644241333
-,-,-,-,-,-,-,-,-,-
marshall,2.6707842350006104,1.0538268089294434,-1.369682788848877,0.33265888690948486,-1.1883701086044312,0.7388032078742981,-0.6542210578918457,-2.2282352447509766,-0.8578087687492371
fields,3.7582478523254395,-0.2714078724384308,-0.7637386918067932,-1.9564951658248901,-1.739912509918213,-0.6304660439491272,0.08753720670938492,-1.628635287284851,-0.7268056273460388
closed,5.201751708984375,-0.9806421399116516,-1.3990880250930786,-2.2792482376098633,-2.30657958984375,-1.7042815685272217,-0.18419209122657776,-1.0540791749954224,-2.7801907062530518
stores,3.691249132156372,0.2760867774486542,-1.94949209690094,-0.8318553566932678,-0.47819963097572327,-0.5457795262336731,0.2605092227458954,-2.41389799118042,-2.5588724613189697
.,6.639317512512207,-1.0240894556045532,-1.0232354402542114,-2.8678841590881348,-3.020427942276001,-1.9651906490325928,-0.6834394335746765,-0.9053544998168945,-2.14621901512146
-,-,-,-,-,-,-,-,-,-
ford,-0.3984382152557373,2.3645780086517334,2.571110248565674,0.3940140902996063,-2.5526957511901855,0.9182087779045105,-1.0367759466171265,-0.6864038109779358,-1.639906406402588
motor,5.13932991027832,0.10632339119911194,-2.0138561725616455,-1.9680079221725464,-2.2846477031707764,-1.543656349182129,0.5573300123214722,-1.7159388065338135,-2.933802366256714
company,5.893389701843262,-0.27247539162635803,-1.7086458206176758,-1.781659483909607,-2.5947887897491455,-1.6773749589920044,-0.4422500431537628,-1.667222261428833,-2.752753496170044
grew,4.8353376388549805,-0.16819629073143005,-1.1773027181625366,-1.2033839225769043,-1.7341917753219604,-1.0447720289230347,-1.650865912437439,-0.5678534507751465,-2.5093302726745605
.,6.684987545013428,-1.1305060386657715,-1.0716030597686768,-2.858135223388672,-3.0105979442596436,-1.7244726419448853,-0.8146666288375854,-0.8898069262504578,-2.184041738510132
-,-,-,-,-,-,-,-,-,-
henry,2.429117202758789,0.9792839884757996,0.6035489439964294,0.6706718802452087,-1.5431009531021118,-1.0013171434402466,-1.8325079679489136,-0.738017737865448,-3.05832576751709
ford,0.15789534151554108,0.982541561126709,1.2615655660629272,-0.8827061653137207,-1.3377372026443481,0.31510037183761597,-0.1326078176498413,-0.11263108253479004,-1.274755835533142
was,6.504335403442383,-0.8297245502471924,-2.4159419536590576,-2.670872926712036,-2.243732213973999,-2.0492334365844727,0.21805879473686218,-1.3937405347824097,-2.1079323291778564
important,4.809536457061768,-0.04924160614609718,-1.6699243783950806,-1.0625414848327637,-1.486852765083313,-0.9538300037384033,-0.7310516834259033,-2.1273324489593506,-1.1555473804473877
.,6.753805637359619,-1.2355451583862305,-1.2462326288223267,-3.0392303466796875,-3.0069634914398193,-1.8224385976791382,-0.556106448173523,-0.8266053199768066,-1.9169188737869263
-,-,-,-,-,-,-,-,-,-
he,6.700231552124023,-1.3199255466461182,-2.206084728240967,-2.132138252258301,-2.551274538040161,-1.968724012374878,-0.38347354531288147,-1.7129416465759277,-1.4405869245529175
had,6.406316757202148,-1.7647581100463867,-1.3222243785858154,-2.6163759231567383,-1.7126024961471558,-1.6909068822860718,-0.46892836689949036,-1.9476654529571533,-1.850719928741455
to,6.701714515686035,-1.370134949684143,-1.7609986066818237,-2.0350589752197266,-2.042872905731201,-1.8452033996582031,-0.5149167776107788,-1.5350351333618164,-1.752758502960205
ford,1.3040605783462524,1.4201946258544922,0.721183717250824,-0.82296222448349,-1.5980225801467896,-0.23671233654022217,-0.15232151746749878,-0.5873256921768188,-1.4801369905471802
the,6.598152160644531,-0.9021506905555725,-1.494027018547058,-2.9416403770446777,-2.6485722064971924,-1.2603564262390137,-0.5008310079574585,-1.1343231201171875,-2.4591004848480225
river,2.964268684387207,-0.4217793643474579,-0.8876667022705078,-0.16786041855812073,-0.8084507584571838,-0.6926165223121643,-2.1219701766967773,-1.4910295009613037,-2.203951358795166
.,6.696055889129639,-1.7644809484481812,-1.3398432731628418,-2.5979647636413574,-2.651153326034546,-1.614436388015747,-1.1558860540390015,-0.8333691358566284,-2.151665210723877
-,-,-,-,-,-,-,-,-,-
green,3.4491958618164062,0.07478883862495422,-1.3226804733276367,-0.41334590315818787,-0.957554280757904,-1.8535417318344116,0.10922364145517349,-2.8317060470581055,-3.1202030181884766
bay,1.5985952615737915,0.19155976176261902,2.2183151245117188,-1.5880672931671143,-1.3734691143035889,0.580983579158783,0.5237674713134766,0.6660878658294678,-1.5129519701004028
packers,3.3868048191070557,-0.3501248359680176,-0.32452091574668884,-0.6718360185623169,-1.4382051229476929,-1.5222193002700806,-1.6081881523132324,-0.9814042448997498,-3.0209951400756836
played,6.379693508148193,-1.6602776050567627,-2.5512683391571045,-2.5283780097961426,-1.7335923910140991,-1.7532273530960083,-0.1908736526966095,-0.7725131511688232,-1.4177719354629517
.,6.6827778816223145,-1.3187501430511475,-1.201499581336975,-2.726132392883301,-2.8266208171844482,-1.8984951972961426,-0.9328964948654175,-1.1672282218933105,-2.1649529933929443
-,-,-,-,-,-,-,-,-,-
the,6.137146949768066,-0.4134269654750824,-1.1723237037658691,-2.1962664127349854,-3.5310797691345215,-0.2155248522758484,-0.9656868577003479,-1.7635776996612549,-2.6815359592437744
bay,1.4940632581710815,-0.1648143231868744,2.4759724140167236,-1.987981915473938,-1.60008704662323,0.9106061458587646,0.24482738971710205,0.715543806552887,-1.3699604272842407
looked,5.037594795227051,0.25158819556236267,-2.000624179840088,-1.5755982398986816,-1.614209532737732,-0.5250495076179504,0.6169106364250183,-3.500011444091797,-1.7943974733352661
green,5.468963623046875,-0.1524999439716339,-1.8326181173324585,-2.1383907794952393,-1.6161969900131226,-2.206757068634033,0.13413414359092712,-2.2690048217773438,-3.1907992362976074
.,6.627200126647949,-1.160578727722168,-1.1441720724105835,-2.818387508392334,-2.833991765975952,-1.9225019216537476,-0.8158162832260132,-0.9824726581573486,-2.1732959747314453
-,-,-,-,-,-,-,-,-,-
paul,1.3389062881469727,1.087822675704956,-1.9558624029159546,3.7024803161621094,-1.2210021018981934,1.1517672538757324,-0.8416200280189514,-2.946216344833374,-3.0918338298797607
likes,5.102328300476074,-0.7028484344482422,-2.051920175552368,-2.005448341369629,-2.60461688041687,-0.016358114778995514,0.42108580470085144,-2.2209715843200684,-2.2007880210876465
atlantic,1.4419422149658203,1.2060261964797974,-0.3512103259563446,-0.46131500601768494,-0.9354299306869507,3.120187282562256,-0.585840106010437,-2.3406174182891846,-2.282153844833374
city,3.156914710998535,-0.4710109531879425,-1.9533289670944214,-1.994168758392334,-1.9471275806427002,-0.29496514797210693,0.999618649482727,-2.7714548110961914,1.0934783220291138
.,6.634790420532227,-1.1482588052749634,-1.2424005270004272,-2.864626169204712,-2.8066813945770264,-1.9466389417648315,-0.5799322128295898,-0.946078896522522,-2.4055018424987793
-,-,-,-,-,-,-,-,-,-
there,5.558511257171631,-1.0869498252868652,-1.1163545846939087,-0.9148716926574707,-1.8237520456314087,-2.2577550411224365,-1.1568714380264282,-2.455021381378174,-3.820201873779297
was,6.518479824066162,-0.9611376523971558,-2.386737823486328,-2.519322156906128,-2.1838574409484863,-1.8831923007965088,-0.14093920588493347,-1.419668436050415,-2.5474321842193604
a,6.7016921043396,-1.5332224369049072,-1.8900283575057983,-2.8677353858947754,-2.5918190479278564,-1.4192370176315308,-0.5632023811340332,-0.8480567932128906,-2.186990976333618
storm,5.187222480773926,-0.44000813364982605,-1.1933773756027222,-1.5394881963729858,-2.156083583831787,-1.8296329975128174,-0.6478911638259888,-2.4256882667541504,-2.145550012588501
in,6.831779479980469,-1.2891936302185059,-1.5594242811203003,-2.747807502746582,-2.572582960128784,-1.8345222473144531,-0.3915640413761139,-1.209869623184204,-2.1659741401672363
the,6.540130615234375,-1.0298818349838257,-1.4545962810516357,-3.022021532058716,-2.645289182662964,-1.0851588249206543,-0.6289236545562744,-0.9590288400650024,-2.3189194202423096
atlantic,1.9632294178009033,0.08318731188774109,-0.5861196517944336,0.6058061718940735,-0.5741926431655884,1.4004651308059692,-1.3088947534561157,-2.236013650894165,-2.99106764793396
ocean,1.4185903072357178,0.26250776648521423,-0.7161798477172852,-1.411816120147705,-0.765444815158844,0.5115169882774353,0.6904120445251465,-0.10678283870220184,0.9810085892677307
.,6.6007490158081055,-1.536875605583191,-1.25327467918396,-3.1623826026916504,-2.7222909927368164,-1.417367935180664,-0.7449278831481934,-0.8495928645133972,-1.7821927070617676
-,-,-,-,-,-,-,-,-,-
indian,-0.837307333946228,1.5636928081512451,3.0296263694763184,-0.9582889676094055,-2.690464973449707,2.941068172454834,-1.0478817224502563,-1.7825723886489868,-1.502179741859436
ocean,2.102076292037964,-0.2166459858417511,-0.8984702825546265,-1.8863729238510132,-1.4599612951278687,0.2828347384929657,1.1314505338668823,-0.5902583003044128,0.7382696866989136
storms,4.4930315017700195,-0.6693545579910278,-1.4770385026931763,-2.576782703399658,-1.4878875017166138,-2.2050328254699707,-0.668217122554779,-0.7408206462860107,-2.0502474308013916
are,6.256777763366699,-0.8270092606544495,-1.656197190284729,-2.445988655090332,-2.5819735527038574,-1.6801326274871826,-1.1805047988891602,-1.4081201553344727,-2.9320623874664307
bad,5.598113059997559,-2.050784111022949,-1.4360650777816772,-2.567046880722046,-2.19466495513916,-1.5423094034194946,-0.8258886933326721,-0.7431647181510925,-1.8191449642181396
.,6.598225116729736,-1.7077831029891968,-1.1471441984176636,-3.2123007774353027,-2.7934811115264893,-1.50583016872406,-0.5918805599212646,-0.6053509712219238,-1.728783130645752
-,-,-,-,-,-,-,-,-,-
the,6.242394924163818,-0.39575478434562683,-1.2156598567962646,-2.4030239582061768,-3.305779218673706,-0.22616297006607056,-1.0560961961746216,-1.728926658630371,-2.647736072540283
indian,-0.596280038356781,0.6410313248634338,3.0050179958343506,-1.09104323387146,-1.5069069862365723,0.9366874098777771,-0.7363675832748413,-1.7243876457214355,-2.119462251663208
embassy,6.15727424621582,0.0654609203338623,-1.9472907781600952,-1.8494775295257568,-1.7155996561050415,-1.4232414960861206,0.3696175515651703,-1.5093752145767212,-2.107642650604248
issued,4.376445770263672,-0.4927099645137787,-2.1207008361816406,-0.37003377079963684,-1.206044316291809,-1.970051884651184,-0.02824293076992035,-0.8847248554229736,-1.5736557245254517
visas,3.736687421798706,0.6975337862968445,0.0789657011628151,-1.8576902151107788,-1.7704761028289795,-1.2580738067626953,0.19378545880317688,-0.6508042812347412,-2.9677600860595703
.,6.690725326538086,-1.414175271987915,-1.3067713975906372,-3.046725273132324,-2.909874200820923,-1.6742271184921265,-0.6033111810684204,-0.7264022827148438,-1.8804728984832764
-,-,-,-,-,-,-,-,-,-
general,3.894827365875244,2.0551693439483643,-0.7352649569511414,-0.7591904997825623,-3.1442694664001465,-0.731968104839325,0.5561650395393372,-2.3097338676452637,-1.8551243543624878
motors,4.681116580963135,-0.048480305820703506,-0.9865155220031738,-2.0871434211730957,-2.0204803943634033,-2.22872257232666,0.5320091247558594,-2.038968563079834,-1.8673310279846191
announced,5.946091651916504,-0.5428795218467712,-1.9736524820327759,-1.2515820264816284,-2.108098030090332,-1.240639090538025,0.12642714381217957,-1.4551767110824585,-2.1406519412994385
layoffs,4.336477756500244,0.4548189342021942,-0.8316851854324341,-1.7586743831634521,-1.6343117952346802,-0.6726875901222229,0.2762225568294525,-1.3490228652954102,-2.1836490631103516
.,6.522950172424316,-1.0470904111862183,-1.1227623224258423,-2.997236728668213,-3.1378936767578125,-1.7260732650756836,-0.46219709515571594,-0.8563046455383301,-2.1650664806365967
-,-,-,-,-,-,-,-,-,-
the,6.1976799964904785,-0.2170737087726593,-1.0841833353042603,-2.1639552116394043,-3.5145885944366455,-0.39811718463897705,-1.1079156398773193,-1.8798942565917969,-2.809926986694336
general,4.621591567993164,0.3861263692378998,-0.8625466227531433,-1.8026291131973267,-1.7062393426895142,-1.397362470626831,0.24704232811927795,-1.9895694255828857,-1.9166382551193237
ordered,5.196948051452637,-0.19171461462974548,-1.0762933492660522,-1.9574354887008667,-1.3683518171310425,-0.7995200753211975,-0.21079888939857483,-1.1105461120605469,-1.9631267786026
soldiers,4.556353569030762,-0.22444623708724976,-0.3634869158267975,-1.7094131708145142,-2.696735382080078,-1.7701159715652466,0.6435139179229736,-1.5349546670913696,-1.1123149394989014
.,6.591846942901611,-1.114722490310669,-1.2831207513809204,-2.807705879211426,-2.8002665042877197,-1.9484025239944458,-0.5631394386291504,-0.8343204855918884,-2.3054821491241455
-,-,-,-,-,-,-,-,-,-
standard,3.565351724624634,-0.11007004976272583,-0.6334571838378906,0.6900791525840759,-1.6500896215438843,0.05999379605054855,-1.2198759317398071,-2.7938215732574463,-1.644091248512268
oil,6.1591596603393555,-0.6431801915168762,-2.2507476806640625,-2.011556625366211,-2.6368367671966553,-1.1452610492706299,0.8573801517486572,-1.6758121252059937,-1.9986227750778198
is,6.494010925292969,-0.4133701026439667,-2.2649428844451904,-2.244100570678711,-2.031651258468628,-1.6112176179885864,-0.6058627367019653,-0.9074918031692505,-2.7405803203582764
a,6.756228446960449,-1.2997550964355469,-1.9491090774536133,-2.4469075202941895,-2.8049824237823486,-1.3657212257385254,-0.6631947159767151,-1.2927969694137573,-2.380645513534546
company,5.661149978637695,-0.22891709208488464,-1.7365078926086426,-0.8316196799278259,-2.2897939682006836,-1.9328395128250122,-1.0552185773849487,-1.6452990770339966,-3.5918853282928467
.,6.687777519226074,-1.2744795083999634,-1.434672474861145,-2.911236047744751,-2.8613851070404053,-1.439602017402649,-0.7368367314338684,-0.9733961820602417,-1.9299126863479614
-,-,-,-,-,-,-,-,-,-
the,6.248875141143799,-0.2773612141609192,-1.2205172777175903,-2.3005919456481934,-3.4980101585388184,-0.3665784001350403,-1.1929470300674438,-1.9683151245117188,-2.6982228755950928
standard,4.507856845855713,-1.4051491022109985,-1.0307105779647827,-0.7402195334434509,-1.0959903001785278,-1.7690495252609253,-0.45880070328712463,-1.9846057891845703,-2.0400617122650146
was,6.587620735168457,-0.6837870478630066,-2.3646857738494873,-2.6199588775634766,-2.424116373062134,-1.8243756294250488,0.06010780483484268,-1.5273582935333252,-2.193531036376953
high,4.680665493011475,1.4207653999328613,-0.7401961088180542,-1.0783703327178955,-2.547485589981079,-0.8626494407653809,-0.050758980214595795,-1.633183240890503,-2.9858038425445557
.,6.744194507598877,-1.207031488418579,-1.1947906017303467,-2.8833694458007812,-2.9993674755096436,-1.8763642311096191,-0.6895878911018372,-0.7496370673179626,-2.0702428817749023
-,-,-,-,-,-,-,-,-,-
the,6.138803005218506,-0.06521804630756378,-1.1012799739837646,-2.279294013977051,-3.6165056228637695,-0.24583077430725098,-1.1172078847885132,-1.8168679475784302,-2.6836776733398438
oil,6.191077709197998,-0.6160878539085388,-2.239345073699951,-1.8019298315048218,-2.623227596282959,-1.2919930219650269,0.7379390001296997,-1.8756392002105713,-2.144860029220581
was,6.628690242767334,-0.8764434456825256,-2.3866026401519775,-2.6901965141296387,-2.2551279067993164,-1.975878357887268,0.20308765769004822,-1.551986813545227,-2.258824110031128
standard,5.1575541496276855,-0.8930422067642212,-1.2630678415298462,-0.3655018210411072,-1.633421540260315,-1.7576640844345093,-0.6494405269622803,-2.5168204307556152,-2.3432352542877197
.,6.723928451538086,-1.2816660404205322,-1.2186906337738037,-2.864182472229004,-2.9230432510375977,-1.8515456914901733,-0.6617127060890198,-0.6389833688735962,-2.2565624713897705
-,-,-,-,-,-,-,-,-,-
bush,3.252239227294922,-0.42428120970726013,-1.249923586845398,1.2616535425186157,-1.2979599237442017,-0.08917970210313797,-0.9450383186340332,-2.6021127700805664,-2.2706944942474365
administration,5.245990753173828,-1.8486065864562988,-2.1628611087799072,-0.9957941174507141,-0.8548044562339783,-1.8299707174301147,-0.8573328256607056,-1.3355294466018677,-3.6550304889678955
policies,4.963381767272949,-0.1529260277748108,-1.9708203077316284,-0.25656893849372864,-0.6150115728378296,-2.1539769172668457,0.3555309772491455,-0.9202146530151367,-1.641941785812378
had,6.289658546447754,-0.8367103934288025,-1.3698753118515015,-2.2584476470947266,-1.8823453187942505,-1.528124213218689,-0.6050902605056763,-2.207660436630249,-1.859156847000122
effects,5.5206298828125,-0.7508313059806824,-0.9451934099197388,-1.2380739450454712,-1.05217444896698,-2.1337730884552,-0.9997472763061523,-2.235780715942383,-2.7554099559783936
.,6.773712158203125,-1.5082733631134033,-1.361140489578247,-2.8626649379730225,-2.665668249130249,-1.8536895513534546,-0.6012995839118958,-0.9447764158248901,-2.1306488513946533
-,-,-,-,-,-,-,-,-,-
the,6.102518081665039,-0.11989140510559082,-0.9751744270324707,-2.1464672088623047,-3.6941821575164795,-0.10603363066911697,-1.1313947439193726,-1.8833057880401611,-2.6411845684051514
bush,3.790067434310913,-0.9526261687278748,-2.0580716133117676,-0.08531751483678818,-0.5671727657318115,-1.6916874647140503,0.40096625685691833,-1.8239328861236572,-2.145123243331909
was,6.5868330001831055,-0.7762240171432495,-2.2804102897644043,-2.67781400680542,-2.5075154304504395,-1.8377584218978882,0.009095169603824615,-1.326899528503418,-2.136237621307373
trimmed,5.873440265655518,-1.3408973217010498,-1.6612616777420044,-1.4096606969833374,-1.6231601238250732,-2.1079139709472656,-0.22005119919776917,-1.2759554386138916,-3.30073618888855
.,6.703958511352539,-1.2605160474777222,-1.1794825792312622,-2.977290391921997,-2.9680395126342773,-1.95285964012146,-0.614172637462616,-0.6763660907745361,-1.9952025413513184
-,-,-,-,-,-,-,-,-,-
george,1.7844260931015015,1.8692855834960938,-0.9279834628105164,1.6902257204055786,-1.419711947441101,-0.4813000559806824,-1.8954020738601685,-1.3014161586761475,-3.885706663131714
bush,3.7793219089508057,-0.9298152327537537,-2.162843704223633,0.19514977931976318,-0.49964043498039246,-1.5728086233139038,0.25819453597068787,-1.9980311393737793,-2.2465076446533203
was,6.597278118133545,-1.0221747159957886,-2.4788832664489746,-2.476457118988037,-1.899992823600769,-2.1384778022766113,0.016912199556827545,-1.4709092378616333,-2.3376479148864746
the,6.631160736083984,-0.6650585532188416,-1.3983721733093262,-2.907658338546753,-2.723727226257324,-1.3069804906845093,-0.4756452143192291,-1.3420538902282715,-2.600306510925293
president,6.236442565917969,-1.0471265316009521,-1.4742358922958374,-2.6575942039489746,-1.7893089056015015,-2.130176305770874,0.15671834349632263,-0.8797470331192017,-2.16203236579895
.,6.632214546203613,-1.362877607345581,-1.474657654762268,-2.8830747604370117,-2.687751293182373,-1.7126007080078125,-0.8934431672096252,-0.9737403988838196,-2.0042927265167236
-,-,-,-,-,-,-,-,-,-
the,6.24002742767334,-0.33125612139701843,-1.1902598142623901,-2.2422401905059814,-3.2958524227142334,-0.35540491342544556,-0.9994019865989685,-1.9898096323013306,-2.8033101558685303
river,2.850996732711792,-0.9363473057746887,-0.9622793793678284,-0.4900464415550232,-0.2523443400859833,-1.0457137823104858,-1.9330343008041382,-1.5663305521011353,-1.8630861043930054
bank,2.8671305179595947,0.6240861415863037,-1.8955578804016113,-1.5526336431503296,-1.3337454795837402,-0.9629223942756653,1.5290945768356323,-0.8878934979438782,1.2852590084075928
is,6.429404258728027,-0.10581757128238678,-2.1248741149902344,-2.1162188053131104,-2.416321039199829,-1.4671305418014526,-0.6131086945533752,-0.7977641224861145,-2.9901435375213623
a,6.60722017288208,-1.6831883192062378,-1.9395986795425415,-2.4645426273345947,-2.5418412685394287,-1.3500933647155762,-0.8337275981903076,-0.8714345693588257,-2.2856719493865967
good,5.469325065612793,-1.1911265850067139,-1.4996116161346436,-1.2516947984695435,-1.3579455614089966,-2.38901424407959,-0.9845538139343262,-1.9059226512908936,-3.6168053150177
place,4.670243740081787,-1.4220083951950073,-1.896054744720459,-0.9950469732284546,-1.5064653158187866,-0.2932600975036621,-1.209738850593567,-2.677380084991455,-2.9223058223724365
to,6.5199761390686035,-1.7864874601364136,-1.428046464920044,-2.551422595977783,-2.123584508895874,-1.6657005548477173,-0.9346585869789124,-1.2495183944702148,-1.6733595132827759
fish,5.350196838378906,-1.4349925518035889,-1.3173742294311523,-2.3407535552978516,-1.706006646156311,-1.3565186262130737,-0.5803016424179077,-0.963778018951416,-1.6291064023971558
.,6.77450704574585,-1.4030263423919678,-1.2731451988220215,-2.9047162532806396,-2.670119047164917,-1.6092455387115479,-0.8694181442260742,-1.0906437635421753,-2.0457866191864014
-,-,-,-,-,-,-,-,-,-
king,4.080550193786621,0.6978203654289246,-1.241414189338684,0.8099309802055359,-1.340148687362671,-0.39794230461120605,-1.548956274986267,-2.6113715171813965,-0.8928316831588745
george,1.180334210395813,0.579525887966156,-1.1258230209350586,-0.20709538459777832,-0.6598960757255554,-0.7592062950134277,-0.48382076621055603,0.12138098478317261,-3.0742223262786865
ruled,4.404829978942871,0.2617321312427521,-2.269183874130249,-0.6476613879203796,-1.2078272104263306,-1.701423168182373,0.5481712818145752,-2.894960403442383,-2.571714162826538
britain,0.6835693717002869,1.074254035949707,-1.6090742349624634,-0.6645253896713257,-1.7805250883102417,5.229658603668213,-0.15654969215393066,-0.8803539872169495,-0.7915580868721008
.,6.716611862182617,-1.2314262390136719,-1.3616403341293335,-2.7116541862487793,-2.7194912433624268,-2.0411782264709473,-0.7447423934936523,-1.0987260341644287,-2.3146307468414307
-,-,-,-,-,-,-,-,-,-
he,6.772890090942383,-0.9680623412132263,-1.9974173307418823,-2.0586423873901367,-3.154226303100586,-1.5041967630386353,-0.5770012140274048,-2.12861967086792,-1.782746434211731
was,6.568528175354004,-1.1521269083023071,-2.267611503601074,-2.5928945541381836,-2.2122485637664795,-1.85356605052948,-0.11531861871480942,-1.3928415775299072,-2.5373177528381348
a,6.706722259521484,-1.488257646560669,-1.7752320766448975,-2.7872698307037354,-2.5486390590667725,-1.422911286354065,-0.770110547542572,-0.9706293940544128,-2.167482614517212
king,5.555588722229004,-0.8773499727249146,-1.5914877653121948,-1.0531907081604004,-1.2393853664398193,-0.8273649215698242,-0.7076066136360168,-1.5852282047271729,-1.0246435403823853
.,6.723937034606934,-1.3592150211334229,-1.187914252281189,-2.941124439239502,-2.8198232650756836,-2.077773094177246,-0.5102924108505249,-0.7396068572998047,-2.0239222049713135
-,-,-,-,-,-,-,-,-,-
london,-0.8973768949508667,2.697779417037964,0.46464112401008606,-1.3807076215744019,-2.610045909881592,5.984706878662109,-0.4924633800983429,-0.6559739708900452,-0.3185441792011261
bridge,2.0944764614105225,-1.480379581451416,0.9155544638633728,-1.3194866180419922,-0.1836465299129486,-2.082092761993408,-0.6129610538482666,0.8807803392410278,-1.5598145723342896
is,6.343481540679932,-0.3035401403903961,-2.234049081802368,-2.218515157699585,-2.0828964710235596,-1.7304917573928833,-0.24122795462608337,-0.6950234770774841,-2.7939774990081787
falling,5.345751762390137,0.47539934515953064,-1.5664345026016235,-1.2337816953659058,-1.4654303789138794,-1.7947417497634888,0.04588893800973892,-1.9542349576950073,-3.129007577896118
.,6.650981903076172,-1.0459516048431396,-1.273350477218628,-2.951537609100342,-2.936344861984253,-1.7616945505142212,-0.6899105310440063,-1.2986838817596436,-2.089606523513794
-,-,-,-,-,-,-,-,-,-
london,-0.8712099194526672,3.0669376850128174,0.2625974118709564,-1.0803762674331665,-2.8911869525909424,5.660888671875,-0.36973705887794495,-1.0369243621826172,-0.32183215022087097
metals,5.04655647277832,-0.7995919585227966,-1.44977605342865,-2.8918027877807617,-1.6143571138381958,-1.1705129146575928,-0.1517792046070099,-0.9085180163383484,-1.8656936883926392
exchange,1.325006127357483,-0.2213340699672699,-1.6024318933486938,-0.9042177796363831,-0.49767670035362244,-0.24030998349189758,2.7503883838653564,-0.9475622773170471,0.12339207530021667
traded,4.9046311378479,-0.5307541489601135,-2.3449230194091797,-1.3116620779037476,-1.5468614101409912,-0.4855586290359497,1.0809372663497925,-2.617417812347412,-1.5273889303207397
.,6.636213302612305,-0.9225086569786072,-1.2700390815734863,-2.8266451358795166,-2.9112093448638916,-1.9595376253128052,-0.655031144618988,-1.1055599451065063,-2.2968661785125732
-,-,-,-,-,-,-,-,-,-
the,6.143260955810547,-0.43479642271995544,-0.9454818964004517,-2.1930503845214844,-3.43794846534729,-0.26725101470947266,-1.0590643882751465,-1.6724903583526611,-2.742888927459717
bridge,1.7575929164886475,-1.2563790082931519,0.973410964012146,-1.1310828924179077,-0.08197645097970963,-1.943084478378296,-0.7432499527931213,0.9398331642150879,-1.5842692852020264
is,6.415884494781494,-0.33017823100090027,-2.2775979042053223,-2.2747533321380615,-2.153198480606079,-1.6041176319122314,-0.35442671179771423,-0.8391702771186829,-2.7823641300201416
falling,5.385290145874023,0.49404701590538025,-1.7049281597137451,-1.1559979915618896,-1.649059534072876,-1.5824741125106812,-0.036937735974788666,-2.281712055206299,-3.1776554584503174
.,6.664247989654541,-1.1602332592010498,-1.2343332767486572,-3.0303468704223633,-2.8865761756896973,-1.90933096408844,-0.679683268070221,-0.9903982877731323,-2.051154851913452
-,-,-,-,-,-,-,-,-,-
the,6.140449047088623,-0.10137768089771271,-1.1761209964752197,-2.294154167175293,-3.775434732437134,-0.13128894567489624,-0.9173928499221802,-1.9017083644866943,-2.6457107067108154
we,6.352550506591797,-1.2641220092773438,-2.837005376815796,-2.2023749351501465,-1.7420333623886108,-1.500389575958252,-0.03677096217870712,-1.3267978429794312,-0.796929657459259
exchange,1.5628695487976074,-0.24085405468940735,-1.7893916368484497,-1.3967539072036743,-0.4371838867664337,-0.49411118030548096,2.8370585441589355,-1.0362604856491089,0.22437387704849243
metals,5.468866348266602,-0.028733734041452408,-1.6673803329467773,-1.9498053789138794,-1.9746030569076538,-1.4552448987960815,-0.19617709517478943,-1.7395488023757935,-2.6704845428466797
.,6.658594131469727,-1.172533631324768,-1.1398777961730957,-2.9765784740448,-2.816819190979004,-2.0765953063964844,-0.6466060876846313,-0.7193520069122314,-2.120877981185913
-,-,-,-,-,-,-,-,-,-
we,6.30681848526001,-0.38059109449386597,-2.6671040058135986,-1.1715830564498901,-2.72204327583313,-0.24888092279434204,-0.8049805760383606,-2.1843864917755127,-1.2161273956298828
exchange,2.745234251022339,-1.3628325462341309,-1.8513411283493042,-1.9469192028045654,-0.9209147691726685,-0.2757893204689026,1.4887248277664185,-0.6546239852905273,-0.03838649392127991
substances,4.3016228675842285,-0.13310924172401428,-1.8080291748046875,-0.5016610622406006,-1.4119716882705688,-1.8284425735473633,1.3350085020065308,-3.458828926086426,-1.6802397966384888
.,6.734442234039307,-1.1722161769866943,-1.1048400402069092,-2.949648141860962,-2.9250895977020264,-2.0398950576782227,-0.5489896535873413,-1.2074285745620728,-2.1688718795776367
-,-,-,-,-,-,-,-,-,-
i,5.9250030517578125,0.1754893660545349,-1.1396692991256714,-1.2208306789398193,-3.8509716987609863,0.037952058017253876,-2.0043036937713623,-1.4173331260681152,-2.707326650619507
like,5.636226654052734,-1.3970987796783447,-1.8131591081619263,-2.320760726928711,-2.0772268772125244,-1.24618399143219,-0.5645265579223633,-1.1593401432037354,-0.19553899765014648
metals,5.229169845581055,-0.3098432719707489,-1.6558455228805542,-2.7475521564483643,-1.5060187578201294,-1.465211033821106,0.23002085089683533,-1.102353811264038,-1.9899407625198364
.,6.736667633056641,-0.7817263603210449,-1.149938702583313,-2.835453987121582,-3.1531684398651123,-1.8194879293441772,-0.6015856862068176,-1.3087177276611328,-2.1046254634857178
-,-,-,-,-,-,-,-,-,-
central,1.3090455532073975,0.8650267720222473,0.8705728650093079,-0.35520127415657043,-1.935678482055664,1.0736879110336304,0.06078556925058365,-1.0435703992843628,-0.7080922722816467
park,-0.031377002596855164,0.03985324129462242,0.3788141906261444,0.1782470941543579,-0.3637126684188843,0.08954917639493942,0.28010281920433044,-2.3147640228271484,0.4200720191001892
attracted,3.0846993923187256,-0.6305031180381775,-1.2577788829803467,-0.8752555847167969,-0.475862979888916,-2.2395858764648438,1.375302791595459,-0.3379949927330017,-1.5940889120101929
visitors,4.813469409942627,0.21134641766548157,-0.9601054787635803,-2.1407546997070312,-2.09883713722229,-1.0539144277572632,1.1385709047317505,-1.5564305782318115,-2.3908820152282715
.,6.560518264770508,-0.9960923790931702,-1.3039103746414185,-2.804394483566284,-2.7447640895843506,-1.782225489616394,-0.6017199754714966,-0.879840612411499,-2.421064615249634
-,-,-,-,-,-,-,-,-,-
the,6.31033992767334,-0.5109373927116394,-1.2336763143539429,-2.429935932159424,-3.263749837875366,-0.5856879353523254,-0.9081519842147827,-1.8633590936660767,-2.731125593185425
central,2.4648921489715576,0.3876357972621918,-0.821465790271759,-0.9293368458747864,-1.1100891828536987,-0.2751651406288147,1.013026237487793,-1.1281001567840576,-0.9447566866874695
issue,6.055523872375488,-1.0571573972702026,-2.5009965896606445,-1.5723942518234253,-1.3737339973449707,-1.206368327140808,-0.25206270813941956,-1.1872787475585938,-1.244832158088684
remained,5.877157211303711,-0.21725957095623016,-1.1598559617996216,-1.9663262367248535,-2.5698635578155518,-2.0042202472686768,-1.4741051197052002,-2.178694248199463,-2.3819472789764404
.,6.706986427307129,-1.2260953187942505,-1.191617488861084,-2.752889633178711,-2.8652234077453613,-1.9247695207595825,-0.7927859425544739,-0.8480667471885681,-2.2240920066833496
-,-,-,-,-,-,-,-,-,-
the,6.310946464538574,-0.6302356123924255,-1.1990731954574585,-2.386784553527832,-3.1752896308898926,-0.7758018374443054,-1.0672283172607422,-1.8380228281021118,-2.8432400226593018
park,0.4202018976211548,0.10640570521354675,-0.11244984716176987,0.6771487593650818,-0.26118963956832886,-0.8245596885681152,0.5212452411651611,-2.3994059562683105,-0.2730048894882202
was,6.559995651245117,-0.8927627801895142,-2.359452486038208,-2.710019588470459,-2.253329277038574,-2.0176503658294678,0.23432061076164246,-1.2663284540176392,-2.139113664627075
central,3.1206188201904297,0.8206339478492737,-0.3020186424255371,-0.6601355671882629,-1.9232233762741089,-1.2385141849517822,1.0199230909347534,-1.4566726684570312,-1.554299235343933
.,6.750714302062988,-1.2587089538574219,-1.189363956451416,-2.9443609714508057,-2.900001287460327,-1.942318320274353,-0.5723893642425537,-0.693916380405426,-2.1100008487701416
-,-,-,-,-,-,-,-,-,-
john,-0.9276507496833801,0.3036213219165802,-1.249428629875183,3.482198715209961,-0.07153225690126419,0.8947358727455139,-0.9805939197540283,-2.331087112426758,-2.1563918590545654
park,0.7865824103355408,-0.2606979310512543,-0.4417077600955963,0.2489137351512909,-0.07403028756380081,-1.1909621953964233,0.9337818622589111,-2.3004698753356934,0.20279985666275024
was,6.61049747467041,-0.9107876420021057,-2.192906141281128,-2.646361827850342,-2.3935728073120117,-1.9332934617996216,0.03142104297876358,-1.3396774530410767,-2.255607843399048
korean,1.536836862564087,1.2265715599060059,-0.29750198125839233,-1.6917393207550049,-2.1400868892669678,-0.9511326551437378,0.6512579917907715,2.4634604454040527,-1.6862821578979492
.,6.715184211730957,-1.4486712217330933,-1.1363104581832886,-3.0451741218566895,-2.822538375854492,-2.0641326904296875,-0.4038361608982086,-0.7339974641799927,-2.0618793964385986
-,-,-,-,-,-,-,-,-,-
dutch,-1.1841371059417725,1.040683388710022,4.544273376464844,-0.4954240024089813,-1.6719987392425537,0.2518312335014343,-0.2928784191608429,-1.8893818855285645,-0.7597084045410156
east,0.782555878162384,-0.1699528992176056,1.6720786094665527,-3.140727996826172,-2.2994256019592285,2.084596872329712,-1.1756023168563843,1.3517210483551025,1.7904433012008667
india,0.13298459351062775,1.651740312576294,-1.9434090852737427,-1.2589645385742188,-1.604831576347351,5.038113117218018,0.5285734534263611,-1.8444547653198242,-1.6203103065490723
company,5.618953704833984,-0.12147852778434753,-1.6126021146774292,-0.8660439252853394,-2.471562147140503,-2.0647432804107666,-0.7382816076278687,-1.9296634197235107,-3.3640248775482178
traded,4.583364486694336,0.2379550188779831,-2.465071439743042,-0.8861594796180725,-2.203788995742798,0.36546432971954346,0.5753008127212524,-2.795927047729492,-1.6007744073867798
.,6.70863151550293,-1.4495720863342285,-1.3829265832901,-2.996964931488037,-2.780967950820923,-1.4732362031936646,-0.6647866368293762,-0.7736625671386719,-1.8505207300186157
-,-,-,-,-,-,-,-,-,-
the,6.322741508483887,-0.7322604060173035,-1.2434537410736084,-2.637619733810425,-3.031079053878784,-0.768605649471283,-0.8706868290901184,-1.6409207582473755,-2.784179925918579
dutch,-0.7715646028518677,0.3571433424949646,4.468879222869873,-1.0397570133209229,-1.9646469354629517,-0.26508697867393494,-0.04593726247549057,-1.749314308166504,-0.9155617356300354
man,5.73762845993042,-0.0459003783762455,-2.37982439994812,-1.5878562927246094,-1.7751801013946533,-0.5369135737419128,-0.08766558021306992,-1.273160696029663,-1.2226084470748901
was,6.5756120681762695,-0.5444598197937012,-2.34761905670166,-2.2581095695495605,-2.5715696811676025,-1.9647841453552246,0.23081514239311218,-1.5649242401123047,-2.655590295791626
tall,3.572030782699585,0.24387812614440918,-0.5490816831588745,-1.1847987174987793,-1.690475583076477,-0.07567600160837173,-1.0777671337127686,-0.6989738941192627,-3.510240316390991
.,6.583641529083252,-1.2998913526535034,-1.389785647392273,-3.0428972244262695,-2.753034830093384,-1.759336233139038,-0.696763813495636,-0.8094411492347717,-1.9299683570861816
-,-,-,-,-,-,-,-,-,-
the,6.316161632537842,-0.3493861258029938,-1.1913026571273804,-2.1716880798339844,-3.259551525115967,-0.6796031594276428,-1.0258002281188965,-1.932431936264038,-2.8764898777008057
davinci,1.5241889953613281,0.23846593499183655,0.3455944359302521,-1.8921703100204468,-1.6841371059417725,1.334100365638733,-0.8072519302368164,-0.9270254969596863,-2.914510488510132
code,2.4198062419891357,1.7812978029251099,-0.7658876180648804,-2.300349712371826,-0.860849916934967,-0.5664452314376831,0.2576044201850891,-0.8921487331390381,-1.5021653175354004
was,6.579255104064941,-0.4457959830760956,-2.491797924041748,-2.118946075439453,-2.4232425689697266,-1.936989188194275,0.057262398302555084,-1.7407217025756836,-2.7098515033721924
a,6.649232387542725,-1.5913989543914795,-1.99557626247406,-2.462372064590454,-2.571181058883667,-1.3207381963729858,-0.6665169596672058,-0.9238975048065186,-2.4089560508728027
best,5.141142845153809,-0.47875136137008667,-2.8165531158447266,-1.7660666704177856,-1.9562139511108398,0.013278059661388397,-0.47763028740882874,-1.7509205341339111,-1.7946687936782837
seller,3.7865560054779053,0.2531907558441162,-0.9560894966125488,0.0049723610281944275,-1.3411595821380615,-0.002569920849055052,-0.32456836104393005,-1.540006160736084,-3.834134340286255
.,6.805226802825928,-1.6200621128082275,-1.5358818769454956,-2.60577392578125,-2.3358402252197266,-1.7122561931610107,-1.2081888914108276,-0.9547120332717896,-2.0944321155548096
-,-,-,-,-,-,-,-,-,-
the,6.2007856369018555,-0.25918498635292053,-1.3848475217819214,-2.302309036254883,-3.467604875564575,-0.5691871643066406,-0.5717825293540955,-1.8482320308685303,-2.8302743434906006
oscar,1.874868392944336,1.0109299421310425,-0.6489469408988953,1.7230840921401978,-0.008934490382671356,1.1262472867965698,-0.26177817583084106,-1.0906726121902466,-0.06414151191711426
code,2.256067991256714,1.795760154724121,-0.9630876779556274,-1.4890629053115845,-0.3141816556453705,-0.7022493481636047,-0.10426103323698044,-1.1416242122650146,-1.8656511306762695
is,6.376909255981445,-0.13216255605220795,-2.436246395111084,-1.7844480276107788,-2.0820600986480713,-1.5950913429260254,-0.7397662401199341,-1.023687481880188,-3.117760419845581
not,6.405657768249512,-1.0566201210021973,-1.9373024702072144,-2.247098445892334,-1.7087900638580322,-1.8909833431243896,-1.1179931163787842,-1.1709967851638794,-2.8452322483062744
a,6.628658294677734,-1.626579761505127,-1.9885283708572388,-2.4302711486816406,-2.704364538192749,-1.3105895519256592,-1.0168864727020264,-0.7495900392532349,-2.357626438140869
real,5.069577217102051,0.5753960609436035,-2.0445053577423096,-1.2010785341262817,-2.136017084121704,-1.3953890800476074,0.030686117708683014,-1.9433283805847168,-2.477623462677002
book,4.4764723777771,-0.6303531527519226,-1.1615338325500488,-0.5378555059432983,-0.38029518723487854,-1.752578616142273,-2.696347713470459,-1.6901675462722778,-2.412529706954956
title,5.300640106201172,-1.4035018682479858,-1.9483639001846313,-1.8336986303329468,-1.770548701286316,-1.489134430885315,-0.7286775708198547,-2.514801263809204,-2.9906997680664062
.,6.843942642211914,-1.377795696258545,-1.4495198726654053,-2.7975621223449707,-2.3623437881469727,-1.7988065481185913,-1.0620564222335815,-1.1833263635635376,-2.188455104827881
-,-,-,-,-,-,-,-,-,-
john,-1.1158418655395508,1.943763256072998,-2.6193184852600098,2.5172743797302246,-0.03596208244562149,0.41824871301651,0.3423250913619995,-1.4478888511657715,-2.177917957305908
adams,1.1590468883514404,1.717486023902893,-0.08977528661489487,-3.380488395690918,-1.0517011880874634,0.0059892465360462666,1.858256459236145,-1.164412498474121,-1.6299322843551636
-,-,-,-,-,-,-,-,-,-
cat,3.91217303276062,-0.034088555723428726,-1.9314720630645752,-0.359260231256485,-1.682376503944397,-2.4817142486572266,-0.3425799012184143,-1.9674508571624756,-3.740302085876465
adams,0.5687588453292847,1.694690227508545,-0.4066568911075592,-2.2934823036193848,-0.4722212255001068,0.34030264616012573,1.6917990446090698,-0.974696695804596,-2.4601590633392334
-,-,-,-,-,-,-,-,-,-
adams,0.6959379315376282,2.293168783187866,0.33783861994743347,-0.45577970147132874,-1.5215303897857666,1.395287036895752,-0.9734811782836914,-0.7685027122497559,-3.3786609172821045
,,6.560014724731445,-1.9214634895324707,-2.501127004623413,-2.525559902191162,-1.4150943756103516,-2.6082358360290527,-0.08941569179296494,-1.2925387620925903,-2.739161491394043
N.H.,0.25736159086227417,-1.03529691696167,-0.901772677898407,2.1594700813293457,2.6238176822662354,-0.13374580442905426,-1.7925812005996704,-2.220909595489502,-3.343695640563965
,1.049614667892456,-0.45941296219825745,-1.3545594215393066,2.4847471714019775,1.8912017345428467,-0.6178968548774719,-1.8577748537063599,-2.5204501152038574,-4.0800676345825195
-,-,-,-,-,-,-,-,-,-
highway,3.4402172565460205,0.6677930951118469,-0.7666126489639282,0.14148381352424622,-2.0036096572875977,0.48662304878234863,-2.178053140640259,-2.1492185592651367,-2.9052138328552246
traffic,4.850085258483887,-0.7598799467086792,-1.9288365840911865,-1.5459576845169067,-1.1077345609664917,-1.6638559103012085,0.355233371257782,-0.5305849313735962,-1.1191089153289795
safety,4.237502098083496,0.03592165932059288,-1.6455128192901611,-0.9226256012916565,-0.9869635105133057,-0.7068669199943542,-0.6999022960662842,-0.428467333316803,-3.2529709339141846
administration,5.288181781768799,-0.864822506904602,-2.549341917037964,-0.6565287113189697,-1.1609188318252563,-1.6039701700210571,-1.111934781074524,-1.83426833152771,-3.7609052658081055
-,-,-,-,-,-,-,-,-,-
highway,2.7270009517669678,1.214601993560791,-0.959396481513977,0.5999702215194702,-1.699094295501709,0.45158517360687256,-1.6981298923492432,-2.1151323318481445,-2.8835551738739014
robbery,5.983905792236328,-2.002950429916382,-2.866891622543335,-2.3438262939453125,-1.7240568399429321,-1.225524663925171,-0.29270949959754944,-0.742585301399231,-2.141009569168091
safety,3.914484739303589,0.0019452236592769623,-1.7223275899887085,-0.6090032458305359,-0.6790669560432434,-0.7755162715911865,-0.47405335307121277,-0.32156214118003845,-3.2334108352661133
administration,5.370678901672363,-0.8463016152381897,-2.571347951889038,-0.6629020571708679,-1.151334285736084,-1.684144377708435,-0.966185450553894,-1.791555404663086,-3.8665313720703125
-,-,-,-,-,-,-,-,-,-
the,6.0331292152404785,-0.3802430331707001,-1.5708088874816895,-2.9028122425079346,-3.455333948135376,-0.5497774481773376,-0.07264544814825058,-1.5650715827941895,-2.337381362915039
1991,4.5612993240356445,0.011914681643247604,-2.5313973426818848,-2.6002883911132812,-2.0008020401000977,-1.343392014503479,1.6745630502700806,-1.3210546970367432,-0.7667768001556396
gulf,0.6577462553977966,0.6083171963691711,0.28321513533592224,-0.6411648392677307,-1.360465168952942,0.6399037837982178,0.4111887216567993,-2.6771507263183594,1.6819835901260376
war,3.673785924911499,-0.17399510741233826,-0.5188013911247253,-1.020133137702942,-1.509915828704834,-1.8481454849243164,-0.13049080967903137,-0.1678512990474701,-3.3267006874084473
-,-,-,-,-,-,-,-,-,-
the,6.320253372192383,-0.54811030626297,-1.6274064779281616,-2.6643686294555664,-3.139664888381958,-0.9528729319572449,-0.2273947298526764,-1.5324888229370117,-2.719618082046509
1991,4.735033988952637,0.24277177453041077,-2.4163196086883545,-2.242889165878296,-1.9601315259933472,-1.730945110321045,1.7544013261795044,-1.3913851976394653,-1.2769126892089844
gulf,0.27803730964660645,0.6372804045677185,0.21943099796772003,0.05127236992120743,-0.16860193014144897,-0.185281902551651,0.3511534631252289,-2.9903597831726074,1.7374087572097778
pillow,2.584205389022827,0.3060368001461029,-0.5590546727180481,-0.8648631572723389,-1.249695897102356,0.7036033272743225,-0.967599630355835,-1.7064521312713623,-3.8389127254486084
fight,4.602644443511963,0.35990211367607117,-3.155998706817627,-0.5198691487312317,-0.9562456607818604,-0.8937403559684753,0.6225372552871704,-0.8218812346458435,-1.5146032571792603
-,-,-,-,-,-,-,-,-,-
the,6.318131446838379,-0.3747575581073761,-1.3553686141967773,-2.8110790252685547,-3.3359487056732178,-1.1038810014724731,-0.3536205589771271,-1.5467160940170288,-2.6751925945281982
1991,5.0794172286987305,0.14551180601119995,-1.8707841634750366,-2.704739570617676,-2.7342381477355957,-1.1502679586410522,1.0879958868026733,-1.4477901458740234,-1.3247129917144775
gulf,0.9946112036705017,0.7884613871574402,0.8080890774726868,-0.4580136835575104,-1.64383065700531,0.3698738217353821,-0.4723162353038788,-2.7293920516967773,1.4577821493148804
dinosaur,2.793815851211548,0.34801217913627625,-0.8531267642974854,-1.1554088592529297,-1.5354477167129517,0.729978621006012,-0.9853298664093018,-1.5990550518035889,-3.636838674545288
-,-,-,-,-,-,-,-,-,-
the,5.997773170471191,-0.4041157066822052,-1.4228955507278442,-2.5589871406555176,-3.373945951461792,-0.2720344066619873,-0.6902198791503906,-1.67826247215271,-2.6213409900665283
gulf,2.2424983978271484,0.1911594569683075,-0.6824700832366943,-0.8735076785087585,-1.591131567955017,-0.463774174451828,-0.088506780564785,-2.838873863220215,1.0328242778778076
was,6.611609935760498,-0.9656463861465454,-2.3986573219299316,-2.668661117553711,-2.2736284732818604,-1.9008662700653076,0.10014960914850235,-1.3203362226486206,-2.305802345275879
near,5.107844352722168,0.25344011187553406,-2.348971366882324,-1.5103883743286133,-2.223599672317505,-0.19836772978305817,0.4743587076663971,-1.4079999923706055,-1.4787390232086182
water,4.725908279418945,0.10674601793289185,-0.297733336687088,-1.2101242542266846,-1.5223098993301392,-0.2760286331176758,-0.12475764006376266,-0.6385785937309265,-3.1436052322387695
-,-,-,-,-,-,-,-,-,-
beijing,1.90159273147583,1.9308730363845825,-0.4376051127910614,-1.1752618551254272,-3.1823933124542236,2.210991382598877,-0.1817980408668518,-2.450486183166504,-2.8841521739959717
1996-08-31,1.743750810623169,0.38973644375801086,-0.16723890602588654,-1.6465224027633667,-2.018707036972046,0.8677141070365906,0.012389518320560455,-0.4756479859352112,-2.762364625930786
-,-,-,-,-,-,-,-,-,-
gabababa,3.2533178329467773,0.5975895524024963,-0.368095338344574,-0.7479889988899231,-2.6165263652801514,-0.5630627274513245,-0.9925865530967712,-1.6912472248077393,-3.628422975540161
1996-08-31,0.9984602332115173,0.16550642251968384,0.04679001122713089,-1.0303608179092407,-0.8936775922775269,0.9688647985458374,-0.5875542759895325,-0.6624356508255005,-3.1075937747955322
-,-,-,-,-,-,-,-,-,-
,3.0313336849212646,0.8293299078941345,-0.2508363425731659,-0.5196530222892761,-2.7143313884735107,-0.5073791742324829,-0.9634247422218323,-1.797195315361023,-3.5805342197418213
-,-,-,-,-,-,-,-,-,-
